Using pre-set license
Built from '2023.2/staging' branch; Version is '2023.2.20f1 (0e25a174756c) revision 927137'; Using compiler version '193431935'; Build Type 'Release'
OS: 'Windows 10  (10.0.19045) 64bit Professional' Language: 'ko' Physical Memory: 7916 MB
BatchMode: 1, IsHumanControllingUs: 0, StartBugReporterOnCrash: 0, Is64bit: 1, IsPro: 1

COMMAND LINE ARGUMENTS:
C:\Program Files\Unity\Hub\Editor\2023.2.20f1\Editor\Unity.exe
-adb2
-batchMode
-noUpm
-name
AssetImportWorker3
-projectPath
C:/Users/hangu/OneDrive/문서/GitHub/VR_Cooking2/VRProject_1
-logFile
Logs/AssetImportWorker3.log
-srvPort
51251
-job-worker-count
3
-background-job-worker-count
8
-asset-garbage-collectors
1
Successfully changed project path to: C:/Users/hangu/OneDrive/문서/GitHub/VR_Cooking2/VRProject_1
C:/Users/hangu/OneDrive/문서/GitHub/VR_Cooking2/VRProject_1
[UnityMemory] Configuration Parameters - Can be set up in boot.config
    "memorysetup-bucket-allocator-granularity=16"
    "memorysetup-bucket-allocator-bucket-count=8"
    "memorysetup-bucket-allocator-block-size=33554432"
    "memorysetup-bucket-allocator-block-count=8"
    "memorysetup-main-allocator-block-size=16777216"
    "memorysetup-thread-allocator-block-size=16777216"
    "memorysetup-gfx-main-allocator-block-size=16777216"
    "memorysetup-gfx-thread-allocator-block-size=16777216"
    "memorysetup-cache-allocator-block-size=4194304"
    "memorysetup-typetree-allocator-block-size=2097152"
    "memorysetup-profiler-bucket-allocator-granularity=16"
    "memorysetup-profiler-bucket-allocator-bucket-count=8"
    "memorysetup-profiler-bucket-allocator-block-size=33554432"
    "memorysetup-profiler-bucket-allocator-block-count=8"
    "memorysetup-profiler-allocator-block-size=16777216"
    "memorysetup-profiler-editor-allocator-block-size=1048576"
    "memorysetup-temp-allocator-size-main=16777216"
    "memorysetup-job-temp-allocator-block-size=2097152"
    "memorysetup-job-temp-allocator-block-size-background=1048576"
    "memorysetup-job-temp-allocator-reduction-small-platforms=262144"
    "memorysetup-allocator-temp-initial-block-size-main=262144"
    "memorysetup-allocator-temp-initial-block-size-worker=262144"
    "memorysetup-temp-allocator-size-background-worker=32768"
    "memorysetup-temp-allocator-size-job-worker=262144"
    "memorysetup-temp-allocator-size-preload-manager=33554432"
    "memorysetup-temp-allocator-size-nav-mesh-worker=65536"
    "memorysetup-temp-allocator-size-audio-worker=65536"
    "memorysetup-temp-allocator-size-cloud-worker=32768"
    "memorysetup-temp-allocator-size-gi-baking-worker=262144"
    "memorysetup-temp-allocator-size-gi-baking-worker=262144"
    "memorysetup-temp-allocator-size-gi-baking-worker=262144"
    "memorysetup-temp-allocator-size-gi-baking-worker=262144"
    "memorysetup-temp-allocator-size-gfx=262144"
Player connection [16936] Host "[IP] 192.168.219.108 [Port] 0 [Flags] 2 [Guid] 2539200485 [EditorId] 2539200485 [Version] 1048832 [Id] WindowsEditor(7,DESKTOP-IJI8FOO) [Debug] 1 [PackageName] WindowsEditor [ProjectName] Editor" joined multi-casting on [225.0.0.222:54997]...
Player connection [16936] Host "[IP] 192.168.219.108 [Port] 0 [Flags] 2 [Guid] 2539200485 [EditorId] 2539200485 [Version] 1048832 [Id] WindowsEditor(7,DESKTOP-IJI8FOO) [Debug] 1 [PackageName] WindowsEditor [ProjectName] Editor" joined alternative multi-casting on [225.0.0.222:34997]...
JobSystem: Creating JobQueue using job-worker-count value 3
[Physics::Module] Initialized MultithreadedJobDispatcher with 3 workers.
Library Redirect Path: Library/
Refreshing native plugins compatible for Editor in 363.23 ms, found 6 plugins.
Preloading 1 native plugins for Editor in 1.07 ms.
Initialize engine version: 2023.2.20f1 (0e25a174756c)
[Subsystems] Discovering subsystems at path C:/Program Files/Unity/Hub/Editor/2023.2.20f1/Editor/Data/Resources/UnitySubsystems
[Subsystems] Discovering subsystems at path C:/Users/hangu/OneDrive/문서/GitHub/VR_Cooking2/VRProject_1/Assets
GfxDevice: creating device client; kGfxThreadingModeNonThreaded
Direct3D:
    Version:  Direct3D 11.0 [level 11.1]
    Renderer: Intel(R) Iris(R) Xe Graphics (ID=0x9a49)
    Vendor:   Intel
    VRAM:     3958 MB
    Driver:   27.20.100.8853
Initialize mono
Mono path[0] = 'C:/Program Files/Unity/Hub/Editor/2023.2.20f1/Editor/Data/Managed'
Mono path[1] = 'C:/Program Files/Unity/Hub/Editor/2023.2.20f1/Editor/Data/MonoBleedingEdge/lib/mono/unityjit-win32'
Mono config path = 'C:/Program Files/Unity/Hub/Editor/2023.2.20f1/Editor/Data/MonoBleedingEdge/etc'
Using monoOptions --debugger-agent=transport=dt_socket,embedding=1,server=y,suspend=n,address=127.0.0.1:56692
Begin MonoManager ReloadAssembly
Registering precompiled unity dll's ...
Register platform support module: C:/Program Files/Unity/Hub/Editor/2023.2.20f1/Editor/Data/PlaybackEngines/WindowsStandaloneSupport/UnityEditor.WindowsStandalone.Extensions.dll
Registered in 0.381493 seconds.
- Loaded All Assemblies, in 17.302 seconds
Native extension for WindowsStandalone target not found
Mono: successfully reloaded assembly
- Finished resetting the current domain, in  0.994 seconds
Domain Reload Profiling: 18291ms
	BeginReloadAssembly (13735ms)
		ExecutionOrderSort (0ms)
		DisableScriptedObjects (0ms)
		BackupInstance (0ms)
		ReleaseScriptingObjects (0ms)
		CreateAndSetChildDomain (4ms)
	RebuildCommonClasses (953ms)
	RebuildNativeTypeToScriptingClass (34ms)
	initialDomainReloadingComplete (495ms)
	LoadAllAssembliesAndSetupDomain (2078ms)
		LoadAssemblies (13726ms)
		RebuildTransferFunctionScriptingTraits (0ms)
		AnalyzeDomain (2074ms)
			TypeCache.Refresh (2072ms)
				TypeCache.ScanAssembly (1436ms)
			BuildScriptInfoCaches (0ms)
			ResolveRequiredComponents (1ms)
	FinalizeReload (997ms)
		ReleaseScriptCaches (0ms)
		RebuildScriptCaches (0ms)
		SetupLoadedEditorAssemblies (796ms)
			LogAssemblyErrors (0ms)
			InitializePlatformSupportModulesInManaged (22ms)
			SetLoadedEditorAssemblies (9ms)
			BeforeProcessingInitializeOnLoad (15ms)
			ProcessInitializeOnLoadAttributes (649ms)
			ProcessInitializeOnLoadMethodAttributes (102ms)
			AfterProcessingInitializeOnLoad (0ms)
			EditorAssembliesLoaded (1ms)
		ExecutionOrderSort2 (0ms)
		AwakeInstancesAfterBackupRestoration (0ms)
========================================================================
Worker process is ready to serve import requests
Import Worker Mode flag is 0x00
Begin MonoManager ReloadAssembly
Symbol file LoadedFromMemory doesn't match image C:\Users\hangu\OneDrive\문서\GitHub\VR_Cooking2\VRProject_1\Library\PackageCache\com.unity.visualscripting@1.8.0\Editor\VisualScripting.Core\Dependencies\YamlDotNet\Unity.VisualScripting.YamlDotNet.dll
Symbol file LoadedFromMemory doesn't match image C:\Users\hangu\OneDrive\문서\GitHub\VR_Cooking2\VRProject_1\Library\PackageCache\com.unity.visualscripting@1.8.0\Editor\VisualScripting.Core\Dependencies\DotNetZip\Unity.VisualScripting.IonicZip.dll
Asset path could not be found for script compilation file '/Assets/Scenes/OrderData.cs'
- Loaded All Assemblies, in 23.981 seconds
Refreshing native plugins compatible for Editor in 15.68 ms, found 6 plugins.
Native extension for WindowsStandalone target not found
Error saving file Library/StateCache/LayerSettings/9e/9ecc5c3c162a7aba29bafa64c8b94b7c.json. Error: System.IO.IOException: Sharing violation on path C:\Users\hangu\OneDrive\문서\GitHub\VR_Cooking2\VRProject_1\Library\StateCache\LayerSettings\9e\9ecc5c3c162a7aba29bafa64c8b94b7c.json
  at System.IO.FileStream..ctor (System.String path, System.IO.FileMode mode, System.IO.FileAccess access, System.IO.FileShare share, System.Int32 bufferSize, System.Boolean anonymous, System.IO.FileOptions options) [0x0019e] in <ecf276dcb8654fa5bed2c5ea1a4ad870>:0 
  at System.IO.FileStream..ctor (System.String path, System.IO.FileMode mode, System.IO.FileAccess access, System.IO.FileShare share, System.Int32 bufferSize, System.IO.FileOptions options) [0x00000] in <ecf276dcb8654fa5bed2c5ea1a4ad870>:0 
  at (wrapper remoting-invoke-with-check) System.IO.FileStream..ctor(string,System.IO.FileMode,System.IO.FileAccess,System.IO.FileShare,int,System.IO.FileOptions)
  at System.IO.StreamWriter..ctor (System.String path, System.Boolean append, System.Text.Encoding encoding, System.Int32 bufferSize) [0x00055] in <ecf276dcb8654fa5bed2c5ea1a4ad870>:0 
  at System.IO.StreamWriter..ctor (System.String path, System.Boolean append, System.Text.Encoding encoding) [0x00000] in <ecf276dcb8654fa5bed2c5ea1a4ad870>:0 
  at (wrapper remoting-invoke-with-check) System.IO.StreamWriter..ctor(string,bool,System.Text.Encoding)
  at System.IO.File.WriteAllText (System.String path, System.String contents, System.Text.Encoding encoding) [0x00034] in <ecf276dcb8654fa5bed2c5ea1a4ad870>:0 
  at UnityEditor.StateCache`1[T].SetState (UnityEngine.Hash128 key, T obj) [0x0004b] in <8f5ff83e453e49179847370b820a0398>:0 
UnityEngine.Debug:ExtractStackTraceNoAlloc (byte*,int,string)
UnityEngine.StackTraceUtility:ExtractStackTrace ()
UnityEngine.DebugLogHandler:Internal_Log (UnityEngine.LogType,UnityEngine.LogOption,string,UnityEngine.Object)
UnityEngine.DebugLogHandler:LogFormat (UnityEngine.LogType,UnityEngine.Object,string,object[])
UnityEngine.Logger:Log (UnityEngine.LogType,object)
UnityEngine.Debug:LogError (object)
UnityEditor.StateCache`1<UnityEditor.Tools/LayerSettings>:SetState (UnityEngine.Hash128,UnityEditor.Tools/LayerSettings)
UnityEditor.Tools:set_lockedLayers (int)
UnityEditor.Tools:OnEnable ()
UnityEngine.ScriptableObject:CreateScriptableObjectInstanceFromType (System.Type,bool)
UnityEngine.ScriptableObject:CreateInstance (System.Type)
UnityEngine.ScriptableObject:CreateInstance<UnityEditor.Tools> ()
UnityEditor.Tools:get_get ()
UnityEditor.Tools:get_visibleLayers ()
UnityEditor.Animations.Rigging.BoneRendererUtils:.cctor () (at ./Library/PackageCache/com.unity.animation.rigging@1.3.0/Editor/Utils/BoneRendererUtils.cs:121)
System.Runtime.CompilerServices.RuntimeHelpers:RunClassConstructor (System.RuntimeTypeHandle)
UnityEditor.EditorAssemblies:ProcessInitializeOnLoadAttributes (System.Type[])

(Filename: ./Library/PackageCache/com.unity.animation.rigging@1.3.0/Editor/Utils/BoneRendererUtils.cs Line: 121)

[MODES] ModeService[none].Initialize
[MODES] ModeService[none].LoadModes
[MODES] Loading mode Default (0) for mode-current-id-VRProject_1
Package Manager log level set to [2]
[Package Manager] Failed to launch server process. Reason: Unity was launched with the -noUpm command-line argument
[Package Manager] Unable to send message (not connected to server process).
[Package Manager] Cannot connect to Unity Package Manager local server
System.Reflection.TargetInvocationException: Exception has been thrown by the target of an invocation. ---> System.NullReferenceException: Object reference not set to an instance of an object
  at Unity.XR.Oculus.OculusLoader.AssetPathToAbsolutePath (System.String assetPath) [0x0003d] in .\Library\PackageCache\com.unity.xr.oculus@4.2.0\Runtime\OculusLoader.cs:298 
  at Unity.XR.Oculus.OculusLoader.EditorLoadOVRPlugin () [0x0008c] in .\Library\PackageCache\com.unity.xr.oculus@4.2.0\Runtime\OculusLoader.cs:283 
  at (wrapper managed-to-native) System.Reflection.RuntimeMethodInfo.InternalInvoke(System.Reflection.RuntimeMethodInfo,object,object[],System.Exception&)
  at System.Reflection.RuntimeMethodInfo.Invoke (System.Object obj, System.Reflection.BindingFlags invokeAttr, System.Reflection.Binder binder, System.Object[] parameters, System.Globalization.CultureInfo culture) [0x0006a] in <ecf276dcb8654fa5bed2c5ea1a4ad870>:0 
   --- End of inner exception stack trace ---
  at System.Reflection.RuntimeMethodInfo.Invoke (System.Object obj, System.Reflection.BindingFlags invokeAttr, System.Reflection.Binder binder, System.Object[] parameters, System.Globalization.CultureInfo culture) [0x00083] in <ecf276dcb8654fa5bed2c5ea1a4ad870>:0 
  at System.Reflection.MethodBase.Invoke (System.Object obj, System.Object[] parameters) [0x00000] in <ecf276dcb8654fa5bed2c5ea1a4ad870>:0 
  at UnityEditor.EditorAssemblies.ProcessInitializeOnLoadMethodAttributes () [0x00056] in <8f5ff83e453e49179847370b820a0398>:0 
UnityEngine.Debug:ExtractStackTraceNoAlloc (byte*,int,string)
UnityEngine.StackTraceUtility:ExtractStackTrace ()
UnityEngine.DebugLogHandler:Internal_Log (UnityEngine.LogType,UnityEngine.LogOption,string,UnityEngine.Object)
UnityEngine.DebugLogHandler:LogFormat (UnityEngine.LogType,UnityEngine.Object,string,object[])
UnityEngine.Logger:Log (UnityEngine.LogType,object)
UnityEngine.Debug:LogError (object)
UnityEditor.EditorAssemblies:ProcessInitializeOnLoadMethodAttributes ()

Mono: successfully reloaded assembly
[Package Manager] Failed to launch server process. Reason: Unity was launched with the -noUpm command-line argument
[Package Manager] Unable to send message (not connected to server process).
[Package Manager] Cannot connect to Unity Package Manager local server
[Package Manager] Failed to launch server process. Reason: Unity was launched with the -noUpm command-line argument
[Package Manager] Unable to send message (not connected to server process).
[Package Manager] Cannot connect to Unity Package Manager local server
- Finished resetting the current domain, in  3.433 seconds
Domain Reload Profiling: 27401ms
	BeginReloadAssembly (4014ms)
		ExecutionOrderSort (0ms)
		DisableScriptedObjects (20ms)
		BackupInstance (0ms)
		ReleaseScriptingObjects (0ms)
		CreateAndSetChildDomain (58ms)
	RebuildCommonClasses (116ms)
	RebuildNativeTypeToScriptingClass (77ms)
	initialDomainReloadingComplete (150ms)
	LoadAllAssembliesAndSetupDomain (19610ms)
		LoadAssemblies (18391ms)
		RebuildTransferFunctionScriptingTraits (0ms)
		AnalyzeDomain (1461ms)
			TypeCache.Refresh (1332ms)
				TypeCache.ScanAssembly (1197ms)
			BuildScriptInfoCaches (100ms)
			ResolveRequiredComponents (24ms)
	FinalizeReload (3433ms)
		ReleaseScriptCaches (0ms)
		RebuildScriptCaches (0ms)
		SetupLoadedEditorAssemblies (2017ms)
			LogAssemblyErrors (0ms)
			InitializePlatformSupportModulesInManaged (8ms)
			SetLoadedEditorAssemblies (13ms)
			BeforeProcessingInitializeOnLoad (271ms)
			ProcessInitializeOnLoadAttributes (1373ms)
			ProcessInitializeOnLoadMethodAttributes (341ms)
			AfterProcessingInitializeOnLoad (11ms)
			EditorAssembliesLoaded (1ms)
		ExecutionOrderSort2 (0ms)
		AwakeInstancesAfterBackupRestoration (20ms)
Launched and connected shader compiler UnityShaderCompiler.exe after 0.10 seconds
Refreshing native plugins compatible for Editor in 5.44 ms, found 6 plugins.
Preloading 1 native plugins for Editor in 3.99 ms.
Unloading 184 Unused Serialized files (Serialized files now loaded: 0)
Unloading 6406 unused Assets / (4.3 MB). Loaded Objects now: 7124.
Memory consumption went from 177.9 MB to 173.6 MB.
Total: 29.327000 ms (FindLiveObjects: 2.745600 ms CreateObjectMapping: 1.530600 ms MarkObjects: 16.817400 ms  DeleteObjects: 8.230600 ms)

========================================================================
Received Prepare
Refreshing native plugins compatible for Editor in 4.66 ms, found 6 plugins.
Preloading 1 native plugins for Editor in 0.11 ms.
Unloading 21 Unused Serialized files (Serialized files now loaded: 0)
Unloading 6397 unused Assets / (4.8 MB). Loaded Objects now: 7116.
Memory consumption went from 146.5 MB to 141.7 MB.
Total: 21.650600 ms (FindLiveObjects: 0.932300 ms CreateObjectMapping: 1.276900 ms MarkObjects: 12.559700 ms  DeleteObjects: 6.880000 ms)

Prepare: number of updated asset objects reloaded= 0
========================================================================
Received Prepare
Begin MonoManager ReloadAssembly
Symbol file LoadedFromMemory doesn't match image C:\Users\hangu\OneDrive\문서\GitHub\VR_Cooking2\VRProject_1\Library\PackageCache\com.unity.visualscripting@1.8.0\Editor\VisualScripting.Core\Dependencies\YamlDotNet\Unity.VisualScripting.YamlDotNet.dll
Symbol file LoadedFromMemory doesn't match image C:\Users\hangu\OneDrive\문서\GitHub\VR_Cooking2\VRProject_1\Library\PackageCache\com.unity.visualscripting@1.8.0\Editor\VisualScripting.Core\Dependencies\DotNetZip\Unity.VisualScripting.IonicZip.dll
- Loaded All Assemblies, in  3.067 seconds
Refreshing native plugins compatible for Editor in 4.62 ms, found 6 plugins.
Native extension for WindowsStandalone target not found
[MODES] ModeService[none].Initialize
[MODES] ModeService[none].LoadModes
[MODES] Loading mode Default (0) for mode-current-id-VRProject_1
[Package Manager] Failed to launch server process. Reason: Unity was launched with the -noUpm command-line argument
[Package Manager] Unable to send message (not connected to server process).
[Package Manager] Cannot connect to Unity Package Manager local server
System.Reflection.TargetInvocationException: Exception has been thrown by the target of an invocation. ---> System.NullReferenceException: Object reference not set to an instance of an object
  at Unity.XR.Oculus.OculusLoader.AssetPathToAbsolutePath (System.String assetPath) [0x0003d] in .\Library\PackageCache\com.unity.xr.oculus@4.2.0\Runtime\OculusLoader.cs:298 
  at Unity.XR.Oculus.OculusLoader.EditorLoadOVRPlugin () [0x0008c] in .\Library\PackageCache\com.unity.xr.oculus@4.2.0\Runtime\OculusLoader.cs:283 
  at (wrapper managed-to-native) System.Reflection.RuntimeMethodInfo.InternalInvoke(System.Reflection.RuntimeMethodInfo,object,object[],System.Exception&)
  at System.Reflection.RuntimeMethodInfo.Invoke (System.Object obj, System.Reflection.BindingFlags invokeAttr, System.Reflection.Binder binder, System.Object[] parameters, System.Globalization.CultureInfo culture) [0x0006a] in <ecf276dcb8654fa5bed2c5ea1a4ad870>:0 
   --- End of inner exception stack trace ---
  at System.Reflection.RuntimeMethodInfo.Invoke (System.Object obj, System.Reflection.BindingFlags invokeAttr, System.Reflection.Binder binder, System.Object[] parameters, System.Globalization.CultureInfo culture) [0x00083] in <ecf276dcb8654fa5bed2c5ea1a4ad870>:0 
  at System.Reflection.MethodBase.Invoke (System.Object obj, System.Object[] parameters) [0x00000] in <ecf276dcb8654fa5bed2c5ea1a4ad870>:0 
  at UnityEditor.EditorAssemblies.ProcessInitializeOnLoadMethodAttributes () [0x00056] in <8f5ff83e453e49179847370b820a0398>:0 
UnityEngine.Debug:ExtractStackTraceNoAlloc (byte*,int,string)
UnityEngine.StackTraceUtility:ExtractStackTrace ()
UnityEngine.DebugLogHandler:Internal_Log (UnityEngine.LogType,UnityEngine.LogOption,string,UnityEngine.Object)
UnityEngine.DebugLogHandler:LogFormat (UnityEngine.LogType,UnityEngine.Object,string,object[])
UnityEngine.Logger:Log (UnityEngine.LogType,object)
UnityEngine.Debug:LogError (object)
UnityEditor.EditorAssemblies:ProcessInitializeOnLoadMethodAttributes ()

Mono: successfully reloaded assembly
[Package Manager] Failed to launch server process. Reason: Unity was launched with the -noUpm command-line argument
[Package Manager] Unable to send message (not connected to server process).
[Package Manager] Cannot connect to Unity Package Manager local server
- Finished resetting the current domain, in  2.136 seconds
Domain Reload Profiling: 5235ms
	BeginReloadAssembly (714ms)
		ExecutionOrderSort (0ms)
		DisableScriptedObjects (28ms)
		BackupInstance (0ms)
		ReleaseScriptingObjects (1ms)
		CreateAndSetChildDomain (235ms)
	RebuildCommonClasses (144ms)
	RebuildNativeTypeToScriptingClass (40ms)
	initialDomainReloadingComplete (83ms)
	LoadAllAssembliesAndSetupDomain (2116ms)
		LoadAssemblies (1644ms)
		RebuildTransferFunctionScriptingTraits (0ms)
		AnalyzeDomain (715ms)
			TypeCache.Refresh (24ms)
				TypeCache.ScanAssembly (0ms)
			BuildScriptInfoCaches (600ms)
			ResolveRequiredComponents (38ms)
	FinalizeReload (2138ms)
		ReleaseScriptCaches (0ms)
		RebuildScriptCaches (0ms)
		SetupLoadedEditorAssemblies (1483ms)
			LogAssemblyErrors (0ms)
			InitializePlatformSupportModulesInManaged (5ms)
			SetLoadedEditorAssemblies (13ms)
			BeforeProcessingInitializeOnLoad (277ms)
			ProcessInitializeOnLoadAttributes (970ms)
			ProcessInitializeOnLoadMethodAttributes (197ms)
			AfterProcessingInitializeOnLoad (19ms)
			EditorAssembliesLoaded (1ms)
		ExecutionOrderSort2 (0ms)
		AwakeInstancesAfterBackupRestoration (55ms)
Refreshing native plugins compatible for Editor in 10.42 ms, found 6 plugins.
Preloading 1 native plugins for Editor in 19.01 ms.
Unloading 21 Unused Serialized files (Serialized files now loaded: 0)
Unloading 6405 unused Assets / (4.9 MB). Loaded Objects now: 7127.
Memory consumption went from 150.9 MB to 146.1 MB.
Total: 96.210800 ms (FindLiveObjects: 5.204900 ms CreateObjectMapping: 10.663000 ms MarkObjects: 53.398000 ms  DeleteObjects: 26.908800 ms)

Prepare: number of updated asset objects reloaded= 0
========================================================================
Received Prepare
Begin MonoManager ReloadAssembly
Symbol file LoadedFromMemory doesn't match image C:\Users\hangu\OneDrive\문서\GitHub\VR_Cooking2\VRProject_1\Library\PackageCache\com.unity.visualscripting@1.8.0\Editor\VisualScripting.Core\Dependencies\YamlDotNet\Unity.VisualScripting.YamlDotNet.dll
Symbol file LoadedFromMemory doesn't match image C:\Users\hangu\OneDrive\문서\GitHub\VR_Cooking2\VRProject_1\Library\PackageCache\com.unity.visualscripting@1.8.0\Editor\VisualScripting.Core\Dependencies\DotNetZip\Unity.VisualScripting.IonicZip.dll
- Loaded All Assemblies, in  2.984 seconds
Refreshing native plugins compatible for Editor in 15.61 ms, found 6 plugins.
Native extension for WindowsStandalone target not found
[MODES] ModeService[none].Initialize
[MODES] ModeService[none].LoadModes
[MODES] Loading mode Default (0) for mode-current-id-VRProject_1
[Package Manager] Failed to launch server process. Reason: Unity was launched with the -noUpm command-line argument
[Package Manager] Unable to send message (not connected to server process).
[Package Manager] Cannot connect to Unity Package Manager local server
System.Reflection.TargetInvocationException: Exception has been thrown by the target of an invocation. ---> System.NullReferenceException: Object reference not set to an instance of an object
  at Unity.XR.Oculus.OculusLoader.AssetPathToAbsolutePath (System.String assetPath) [0x0003d] in .\Library\PackageCache\com.unity.xr.oculus@4.2.0\Runtime\OculusLoader.cs:298 
  at Unity.XR.Oculus.OculusLoader.EditorLoadOVRPlugin () [0x0008c] in .\Library\PackageCache\com.unity.xr.oculus@4.2.0\Runtime\OculusLoader.cs:283 
  at (wrapper managed-to-native) System.Reflection.RuntimeMethodInfo.InternalInvoke(System.Reflection.RuntimeMethodInfo,object,object[],System.Exception&)
  at System.Reflection.RuntimeMethodInfo.Invoke (System.Object obj, System.Reflection.BindingFlags invokeAttr, System.Reflection.Binder binder, System.Object[] parameters, System.Globalization.CultureInfo culture) [0x0006a] in <ecf276dcb8654fa5bed2c5ea1a4ad870>:0 
   --- End of inner exception stack trace ---
  at System.Reflection.RuntimeMethodInfo.Invoke (System.Object obj, System.Reflection.BindingFlags invokeAttr, System.Reflection.Binder binder, System.Object[] parameters, System.Globalization.CultureInfo culture) [0x00083] in <ecf276dcb8654fa5bed2c5ea1a4ad870>:0 
  at System.Reflection.MethodBase.Invoke (System.Object obj, System.Object[] parameters) [0x00000] in <ecf276dcb8654fa5bed2c5ea1a4ad870>:0 
  at UnityEditor.EditorAssemblies.ProcessInitializeOnLoadMethodAttributes () [0x00056] in <8f5ff83e453e49179847370b820a0398>:0 
UnityEngine.Debug:ExtractStackTraceNoAlloc (byte*,int,string)
UnityEngine.StackTraceUtility:ExtractStackTrace ()
UnityEngine.DebugLogHandler:Internal_Log (UnityEngine.LogType,UnityEngine.LogOption,string,UnityEngine.Object)
UnityEngine.DebugLogHandler:LogFormat (UnityEngine.LogType,UnityEngine.Object,string,object[])
UnityEngine.Logger:Log (UnityEngine.LogType,object)
UnityEngine.Debug:LogError (object)
UnityEditor.EditorAssemblies:ProcessInitializeOnLoadMethodAttributes ()

Mono: successfully reloaded assembly
[Package Manager] Failed to launch server process. Reason: Unity was launched with the -noUpm command-line argument
[Package Manager] Unable to send message (not connected to server process).
[Package Manager] Cannot connect to Unity Package Manager local server
- Finished resetting the current domain, in  2.304 seconds
Domain Reload Profiling: 5289ms
	BeginReloadAssembly (665ms)
		ExecutionOrderSort (0ms)
		DisableScriptedObjects (22ms)
		BackupInstance (0ms)
		ReleaseScriptingObjects (2ms)
		CreateAndSetChildDomain (177ms)
	RebuildCommonClasses (96ms)
	RebuildNativeTypeToScriptingClass (52ms)
	initialDomainReloadingComplete (90ms)
	LoadAllAssembliesAndSetupDomain (2080ms)
		LoadAssemblies (1596ms)
		RebuildTransferFunctionScriptingTraits (0ms)
		AnalyzeDomain (831ms)
			TypeCache.Refresh (86ms)
				TypeCache.ScanAssembly (2ms)
			BuildScriptInfoCaches (689ms)
			ResolveRequiredComponents (37ms)
	FinalizeReload (2306ms)
		ReleaseScriptCaches (0ms)
		RebuildScriptCaches (0ms)
		SetupLoadedEditorAssemblies (1652ms)
			LogAssemblyErrors (1ms)
			InitializePlatformSupportModulesInManaged (6ms)
			SetLoadedEditorAssemblies (11ms)
			BeforeProcessingInitializeOnLoad (166ms)
			ProcessInitializeOnLoadAttributes (1223ms)
			ProcessInitializeOnLoadMethodAttributes (233ms)
			AfterProcessingInitializeOnLoad (12ms)
			EditorAssembliesLoaded (1ms)
		ExecutionOrderSort2 (0ms)
		AwakeInstancesAfterBackupRestoration (47ms)
Refreshing native plugins compatible for Editor in 10.79 ms, found 6 plugins.
Preloading 1 native plugins for Editor in 4.11 ms.
Unloading 21 Unused Serialized files (Serialized files now loaded: 0)
Unloading 6405 unused Assets / (4.6 MB). Loaded Objects now: 7129.
Memory consumption went from 154.9 MB to 150.3 MB.
Total: 19.970200 ms (FindLiveObjects: 1.210600 ms CreateObjectMapping: 1.498000 ms MarkObjects: 12.914800 ms  DeleteObjects: 4.341200 ms)

Prepare: number of updated asset objects reloaded= 0
========================================================================
Received Prepare
Begin MonoManager ReloadAssembly
Symbol file LoadedFromMemory doesn't match image C:\Users\hangu\OneDrive\문서\GitHub\VR_Cooking2\VRProject_1\Library\PackageCache\com.unity.visualscripting@1.8.0\Editor\VisualScripting.Core\Dependencies\YamlDotNet\Unity.VisualScripting.YamlDotNet.dll
Symbol file LoadedFromMemory doesn't match image C:\Users\hangu\OneDrive\문서\GitHub\VR_Cooking2\VRProject_1\Library\PackageCache\com.unity.visualscripting@1.8.0\Editor\VisualScripting.Core\Dependencies\DotNetZip\Unity.VisualScripting.IonicZip.dll
- Loaded All Assemblies, in  7.061 seconds
Refreshing native plugins compatible for Editor in 15.93 ms, found 6 plugins.
Native extension for WindowsStandalone target not found
[MODES] ModeService[none].Initialize
[MODES] ModeService[none].LoadModes
[MODES] Loading mode Default (0) for mode-current-id-VRProject_1
[Package Manager] Failed to launch server process. Reason: Unity was launched with the -noUpm command-line argument
[Package Manager] Unable to send message (not connected to server process).
[Package Manager] Cannot connect to Unity Package Manager local server
System.Reflection.TargetInvocationException: Exception has been thrown by the target of an invocation. ---> System.NullReferenceException: Object reference not set to an instance of an object
  at Unity.XR.Oculus.OculusLoader.AssetPathToAbsolutePath (System.String assetPath) [0x0003d] in .\Library\PackageCache\com.unity.xr.oculus@4.2.0\Runtime\OculusLoader.cs:298 
  at Unity.XR.Oculus.OculusLoader.EditorLoadOVRPlugin () [0x0008c] in .\Library\PackageCache\com.unity.xr.oculus@4.2.0\Runtime\OculusLoader.cs:283 
  at (wrapper managed-to-native) System.Reflection.RuntimeMethodInfo.InternalInvoke(System.Reflection.RuntimeMethodInfo,object,object[],System.Exception&)
  at System.Reflection.RuntimeMethodInfo.Invoke (System.Object obj, System.Reflection.BindingFlags invokeAttr, System.Reflection.Binder binder, System.Object[] parameters, System.Globalization.CultureInfo culture) [0x0006a] in <ecf276dcb8654fa5bed2c5ea1a4ad870>:0 
   --- End of inner exception stack trace ---
  at System.Reflection.RuntimeMethodInfo.Invoke (System.Object obj, System.Reflection.BindingFlags invokeAttr, System.Reflection.Binder binder, System.Object[] parameters, System.Globalization.CultureInfo culture) [0x00083] in <ecf276dcb8654fa5bed2c5ea1a4ad870>:0 
  at System.Reflection.MethodBase.Invoke (System.Object obj, System.Object[] parameters) [0x00000] in <ecf276dcb8654fa5bed2c5ea1a4ad870>:0 
  at UnityEditor.EditorAssemblies.ProcessInitializeOnLoadMethodAttributes () [0x00056] in <8f5ff83e453e49179847370b820a0398>:0 
UnityEngine.Debug:ExtractStackTraceNoAlloc (byte*,int,string)
UnityEngine.StackTraceUtility:ExtractStackTrace ()
UnityEngine.DebugLogHandler:Internal_Log (UnityEngine.LogType,UnityEngine.LogOption,string,UnityEngine.Object)
UnityEngine.DebugLogHandler:LogFormat (UnityEngine.LogType,UnityEngine.Object,string,object[])
UnityEngine.Logger:Log (UnityEngine.LogType,object)
UnityEngine.Debug:LogError (object)
UnityEditor.EditorAssemblies:ProcessInitializeOnLoadMethodAttributes ()

Mono: successfully reloaded assembly
[Package Manager] Failed to launch server process. Reason: Unity was launched with the -noUpm command-line argument
[Package Manager] Unable to send message (not connected to server process).
[Package Manager] Cannot connect to Unity Package Manager local server
- Finished resetting the current domain, in  5.494 seconds
Domain Reload Profiling: 12565ms
	BeginReloadAssembly (2100ms)
		ExecutionOrderSort (1ms)
		DisableScriptedObjects (162ms)
		BackupInstance (0ms)
		ReleaseScriptingObjects (4ms)
		CreateAndSetChildDomain (671ms)
	RebuildCommonClasses (185ms)
	RebuildNativeTypeToScriptingClass (62ms)
	initialDomainReloadingComplete (132ms)
	LoadAllAssembliesAndSetupDomain (4591ms)
		LoadAssemblies (3858ms)
		RebuildTransferFunctionScriptingTraits (0ms)
		AnalyzeDomain (1520ms)
			TypeCache.Refresh (136ms)
				TypeCache.ScanAssembly (4ms)
			BuildScriptInfoCaches (1260ms)
			ResolveRequiredComponents (83ms)
	FinalizeReload (5497ms)
		ReleaseScriptCaches (0ms)
		RebuildScriptCaches (0ms)
		SetupLoadedEditorAssemblies (4001ms)
			LogAssemblyErrors (0ms)
			InitializePlatformSupportModulesInManaged (13ms)
			SetLoadedEditorAssemblies (23ms)
			BeforeProcessingInitializeOnLoad (388ms)
			ProcessInitializeOnLoadAttributes (3011ms)
			ProcessInitializeOnLoadMethodAttributes (534ms)
			AfterProcessingInitializeOnLoad (31ms)
			EditorAssembliesLoaded (1ms)
		ExecutionOrderSort2 (0ms)
		AwakeInstancesAfterBackupRestoration (112ms)
Refreshing native plugins compatible for Editor in 12.26 ms, found 6 plugins.
Preloading 1 native plugins for Editor in 2.72 ms.
Unloading 21 Unused Serialized files (Serialized files now loaded: 0)
Unloading 6405 unused Assets / (5.7 MB). Loaded Objects now: 7131.
Memory consumption went from 156.8 MB to 151.1 MB.
Total: 36.610100 ms (FindLiveObjects: 1.059600 ms CreateObjectMapping: 1.633700 ms MarkObjects: 22.830800 ms  DeleteObjects: 11.079800 ms)

Prepare: number of updated asset objects reloaded= 0
========================================================================
Received Prepare
Refreshing native plugins compatible for Editor in 11.39 ms, found 6 plugins.
Preloading 1 native plugins for Editor in 0.43 ms.
Unloading 21 Unused Serialized files (Serialized files now loaded: 0)
Unloading 6398 unused Assets / (8.4 MB). Loaded Objects now: 7123.
Memory consumption went from 157.3 MB to 148.9 MB.
Total: 36.788300 ms (FindLiveObjects: 2.076600 ms CreateObjectMapping: 1.345400 ms MarkObjects: 18.503200 ms  DeleteObjects: 14.860300 ms)

Prepare: number of updated asset objects reloaded= 0
========================================================================
Received Prepare
Begin MonoManager ReloadAssembly
Symbol file LoadedFromMemory doesn't match image C:\Users\hangu\OneDrive\문서\GitHub\VR_Cooking2\VRProject_1\Library\PackageCache\com.unity.visualscripting@1.8.0\Editor\VisualScripting.Core\Dependencies\YamlDotNet\Unity.VisualScripting.YamlDotNet.dll
Symbol file LoadedFromMemory doesn't match image C:\Users\hangu\OneDrive\문서\GitHub\VR_Cooking2\VRProject_1\Library\PackageCache\com.unity.visualscripting@1.8.0\Editor\VisualScripting.Core\Dependencies\DotNetZip\Unity.VisualScripting.IonicZip.dll
- Loaded All Assemblies, in  4.953 seconds
Refreshing native plugins compatible for Editor in 17.45 ms, found 6 plugins.
Native extension for WindowsStandalone target not found
[MODES] ModeService[none].Initialize
[MODES] ModeService[none].LoadModes
[MODES] Loading mode Default (0) for mode-current-id-VRProject_1
[Package Manager] Failed to launch server process. Reason: Unity was launched with the -noUpm command-line argument
[Package Manager] Unable to send message (not connected to server process).
[Package Manager] Cannot connect to Unity Package Manager local server
System.Reflection.TargetInvocationException: Exception has been thrown by the target of an invocation. ---> System.NullReferenceException: Object reference not set to an instance of an object
  at Unity.XR.Oculus.OculusLoader.AssetPathToAbsolutePath (System.String assetPath) [0x0003d] in .\Library\PackageCache\com.unity.xr.oculus@4.2.0\Runtime\OculusLoader.cs:298 
  at Unity.XR.Oculus.OculusLoader.EditorLoadOVRPlugin () [0x0008c] in .\Library\PackageCache\com.unity.xr.oculus@4.2.0\Runtime\OculusLoader.cs:283 
  at (wrapper managed-to-native) System.Reflection.RuntimeMethodInfo.InternalInvoke(System.Reflection.RuntimeMethodInfo,object,object[],System.Exception&)
  at System.Reflection.RuntimeMethodInfo.Invoke (System.Object obj, System.Reflection.BindingFlags invokeAttr, System.Reflection.Binder binder, System.Object[] parameters, System.Globalization.CultureInfo culture) [0x0006a] in <ecf276dcb8654fa5bed2c5ea1a4ad870>:0 
   --- End of inner exception stack trace ---
  at System.Reflection.RuntimeMethodInfo.Invoke (System.Object obj, System.Reflection.BindingFlags invokeAttr, System.Reflection.Binder binder, System.Object[] parameters, System.Globalization.CultureInfo culture) [0x00083] in <ecf276dcb8654fa5bed2c5ea1a4ad870>:0 
  at System.Reflection.MethodBase.Invoke (System.Object obj, System.Object[] parameters) [0x00000] in <ecf276dcb8654fa5bed2c5ea1a4ad870>:0 
  at UnityEditor.EditorAssemblies.ProcessInitializeOnLoadMethodAttributes () [0x00056] in <8f5ff83e453e49179847370b820a0398>:0 
UnityEngine.Debug:ExtractStackTraceNoAlloc (byte*,int,string)
UnityEngine.StackTraceUtility:ExtractStackTrace ()
UnityEngine.DebugLogHandler:Internal_Log (UnityEngine.LogType,UnityEngine.LogOption,string,UnityEngine.Object)
UnityEngine.DebugLogHandler:LogFormat (UnityEngine.LogType,UnityEngine.Object,string,object[])
UnityEngine.Logger:Log (UnityEngine.LogType,object)
UnityEngine.Debug:LogError (object)
UnityEditor.EditorAssemblies:ProcessInitializeOnLoadMethodAttributes ()

Mono: successfully reloaded assembly
[Package Manager] Failed to launch server process. Reason: Unity was launched with the -noUpm command-line argument
[Package Manager] Unable to send message (not connected to server process).
[Package Manager] Cannot connect to Unity Package Manager local server
- Finished resetting the current domain, in  5.116 seconds
Domain Reload Profiling: 10095ms
	BeginReloadAssembly (964ms)
		ExecutionOrderSort (0ms)
		DisableScriptedObjects (30ms)
		BackupInstance (0ms)
		ReleaseScriptingObjects (0ms)
		CreateAndSetChildDomain (227ms)
	RebuildCommonClasses (231ms)
	RebuildNativeTypeToScriptingClass (82ms)
	initialDomainReloadingComplete (143ms)
	LoadAllAssembliesAndSetupDomain (3534ms)
		LoadAssemblies (2255ms)
		RebuildTransferFunctionScriptingTraits (0ms)
		AnalyzeDomain (1764ms)
			TypeCache.Refresh (306ms)
				TypeCache.ScanAssembly (4ms)
			BuildScriptInfoCaches (1125ms)
			ResolveRequiredComponents (72ms)
	FinalizeReload (5140ms)
		ReleaseScriptCaches (0ms)
		RebuildScriptCaches (0ms)
		SetupLoadedEditorAssemblies (3664ms)
			LogAssemblyErrors (0ms)
			InitializePlatformSupportModulesInManaged (16ms)
			SetLoadedEditorAssemblies (31ms)
			BeforeProcessingInitializeOnLoad (456ms)
			ProcessInitializeOnLoadAttributes (2571ms)
			ProcessInitializeOnLoadMethodAttributes (564ms)
			AfterProcessingInitializeOnLoad (24ms)
			EditorAssembliesLoaded (1ms)
		ExecutionOrderSort2 (0ms)
		AwakeInstancesAfterBackupRestoration (97ms)
Refreshing native plugins compatible for Editor in 19.76 ms, found 6 plugins.
Preloading 1 native plugins for Editor in 0.84 ms.
Unloading 21 Unused Serialized files (Serialized files now loaded: 0)
Unloading 6406 unused Assets / (5.8 MB). Loaded Objects now: 7134.
Memory consumption went from 158.7 MB to 152.9 MB.
Total: 33.933000 ms (FindLiveObjects: 1.289700 ms CreateObjectMapping: 1.795800 ms MarkObjects: 19.443200 ms  DeleteObjects: 11.398300 ms)

Prepare: number of updated asset objects reloaded= 0
========================================================================
Received Import Request.
  Time since last request: 28400.760836 seconds.
  path: Assets/Scenes/NewBehaviourScript.cs
  artifactKey: Guid(00d736397425c1b45b6bf2dde5d96776) Importer(815301076,1909f56bfc062723c751e8b465ee728b)
Start importing Assets/Scenes/NewBehaviourScript.cs using Guid(00d736397425c1b45b6bf2dde5d96776) Importer(815301076,1909f56bfc062723c751e8b465ee728b) (PreviewImporter) -> (artifact id: '5c0f166bb3a59f90ea639e78ffcbd4c7') in 0.0796615 seconds
Number of updated asset objects reloaded before import = 0Number of asset objects unloaded after import = 0

========================================================================
Received Prepare
Refreshing native plugins compatible for Editor in 17.82 ms, found 6 plugins.
Preloading 1 native plugins for Editor in 0.34 ms.
Unloading 21 Unused Serialized files (Serialized files now loaded: 0)
Unloading 6398 unused Assets / (4.6 MB). Loaded Objects now: 7127.
Memory consumption went from 159.8 MB to 155.1 MB.
Total: 38.562900 ms (FindLiveObjects: 1.252900 ms CreateObjectMapping: 3.400200 ms MarkObjects: 22.575500 ms  DeleteObjects: 11.331900 ms)

Prepare: number of updated asset objects reloaded= 0
========================================================================
Received Import Request.
  Time since last request: 16.991908 seconds.
  path: Assets/Scenes/RecipeDataBase.cs
  artifactKey: Guid(00d736397425c1b45b6bf2dde5d96776) Importer(815301076,1909f56bfc062723c751e8b465ee728b)
Start importing Assets/Scenes/RecipeDataBase.cs using Guid(00d736397425c1b45b6bf2dde5d96776) Importer(815301076,1909f56bfc062723c751e8b465ee728b) (PreviewImporter) -> (artifact id: 'bdc898752f78206c046d4c34db9e59dc') in 0.0123422 seconds
Number of updated asset objects reloaded before import = 0Number of asset objects unloaded after import = 0

========================================================================
Received Prepare
Begin MonoManager ReloadAssembly
Symbol file LoadedFromMemory doesn't match image C:\Users\hangu\OneDrive\문서\GitHub\VR_Cooking2\VRProject_1\Library\PackageCache\com.unity.visualscripting@1.8.0\Editor\VisualScripting.Core\Dependencies\YamlDotNet\Unity.VisualScripting.YamlDotNet.dll
Symbol file LoadedFromMemory doesn't match image C:\Users\hangu\OneDrive\문서\GitHub\VR_Cooking2\VRProject_1\Library\PackageCache\com.unity.visualscripting@1.8.0\Editor\VisualScripting.Core\Dependencies\DotNetZip\Unity.VisualScripting.IonicZip.dll
- Loaded All Assemblies, in  2.729 seconds
Refreshing native plugins compatible for Editor in 73.88 ms, found 6 plugins.
Native extension for WindowsStandalone target not found
[MODES] ModeService[none].Initialize
[MODES] ModeService[none].LoadModes
[MODES] Loading mode Default (0) for mode-current-id-VRProject_1
[Package Manager] Failed to launch server process. Reason: Unity was launched with the -noUpm command-line argument
[Package Manager] Unable to send message (not connected to server process).
[Package Manager] Cannot connect to Unity Package Manager local server
System.Reflection.TargetInvocationException: Exception has been thrown by the target of an invocation. ---> System.NullReferenceException: Object reference not set to an instance of an object
  at Unity.XR.Oculus.OculusLoader.AssetPathToAbsolutePath (System.String assetPath) [0x0003d] in .\Library\PackageCache\com.unity.xr.oculus@4.2.0\Runtime\OculusLoader.cs:298 
  at Unity.XR.Oculus.OculusLoader.EditorLoadOVRPlugin () [0x0008c] in .\Library\PackageCache\com.unity.xr.oculus@4.2.0\Runtime\OculusLoader.cs:283 
  at (wrapper managed-to-native) System.Reflection.RuntimeMethodInfo.InternalInvoke(System.Reflection.RuntimeMethodInfo,object,object[],System.Exception&)
  at System.Reflection.RuntimeMethodInfo.Invoke (System.Object obj, System.Reflection.BindingFlags invokeAttr, System.Reflection.Binder binder, System.Object[] parameters, System.Globalization.CultureInfo culture) [0x0006a] in <ecf276dcb8654fa5bed2c5ea1a4ad870>:0 
   --- End of inner exception stack trace ---
  at System.Reflection.RuntimeMethodInfo.Invoke (System.Object obj, System.Reflection.BindingFlags invokeAttr, System.Reflection.Binder binder, System.Object[] parameters, System.Globalization.CultureInfo culture) [0x00083] in <ecf276dcb8654fa5bed2c5ea1a4ad870>:0 
  at System.Reflection.MethodBase.Invoke (System.Object obj, System.Object[] parameters) [0x00000] in <ecf276dcb8654fa5bed2c5ea1a4ad870>:0 
  at UnityEditor.EditorAssemblies.ProcessInitializeOnLoadMethodAttributes () [0x00056] in <8f5ff83e453e49179847370b820a0398>:0 
UnityEngine.Debug:ExtractStackTraceNoAlloc (byte*,int,string)
UnityEngine.StackTraceUtility:ExtractStackTrace ()
UnityEngine.DebugLogHandler:Internal_Log (UnityEngine.LogType,UnityEngine.LogOption,string,UnityEngine.Object)
UnityEngine.DebugLogHandler:LogFormat (UnityEngine.LogType,UnityEngine.Object,string,object[])
UnityEngine.Logger:Log (UnityEngine.LogType,object)
UnityEngine.Debug:LogError (object)
UnityEditor.EditorAssemblies:ProcessInitializeOnLoadMethodAttributes ()

Mono: successfully reloaded assembly
[Package Manager] Failed to launch server process. Reason: Unity was launched with the -noUpm command-line argument
[Package Manager] Unable to send message (not connected to server process).
[Package Manager] Cannot connect to Unity Package Manager local server
- Finished resetting the current domain, in  4.400 seconds
Domain Reload Profiling: 7126ms
	BeginReloadAssembly (834ms)
		ExecutionOrderSort (0ms)
		DisableScriptedObjects (25ms)
		BackupInstance (0ms)
		ReleaseScriptingObjects (5ms)
		CreateAndSetChildDomain (179ms)
	RebuildCommonClasses (150ms)
	RebuildNativeTypeToScriptingClass (53ms)
	initialDomainReloadingComplete (115ms)
	LoadAllAssembliesAndSetupDomain (1572ms)
		LoadAssemblies (1308ms)
		RebuildTransferFunctionScriptingTraits (0ms)
		AnalyzeDomain (711ms)
			TypeCache.Refresh (38ms)
				TypeCache.ScanAssembly (3ms)
			BuildScriptInfoCaches (604ms)
			ResolveRequiredComponents (55ms)
	FinalizeReload (4401ms)
		ReleaseScriptCaches (0ms)
		RebuildScriptCaches (0ms)
		SetupLoadedEditorAssemblies (3200ms)
			LogAssemblyErrors (0ms)
			InitializePlatformSupportModulesInManaged (16ms)
			SetLoadedEditorAssemblies (39ms)
			BeforeProcessingInitializeOnLoad (635ms)
			ProcessInitializeOnLoadAttributes (2091ms)
			ProcessInitializeOnLoadMethodAttributes (388ms)
			AfterProcessingInitializeOnLoad (30ms)
			EditorAssembliesLoaded (1ms)
		ExecutionOrderSort2 (0ms)
		AwakeInstancesAfterBackupRestoration (93ms)
Refreshing native plugins compatible for Editor in 12.82 ms, found 6 plugins.
Preloading 1 native plugins for Editor in 0.21 ms.
Unloading 21 Unused Serialized files (Serialized files now loaded: 0)
Unloading 6406 unused Assets / (5.8 MB). Loaded Objects now: 7138.
Memory consumption went from 161.2 MB to 155.4 MB.
Total: 29.852700 ms (FindLiveObjects: 2.515100 ms CreateObjectMapping: 1.781300 ms MarkObjects: 17.075200 ms  DeleteObjects: 8.477900 ms)

Prepare: number of updated asset objects reloaded= 0
========================================================================
Received Prepare
Refreshing native plugins compatible for Editor in 10.99 ms, found 6 plugins.
Preloading 1 native plugins for Editor in 0.20 ms.
Unloading 21 Unused Serialized files (Serialized files now loaded: 0)
Unloading 6398 unused Assets / (4.8 MB). Loaded Objects now: 7129.
Memory consumption went from 161.7 MB to 156.8 MB.
Total: 27.392200 ms (FindLiveObjects: 1.425700 ms CreateObjectMapping: 1.874700 ms MarkObjects: 14.663000 ms  DeleteObjects: 9.426200 ms)

Prepare: number of updated asset objects reloaded= 0
========================================================================
Received Import Request.
  Time since last request: 26.299281 seconds.
  path: Assets/Scenes/RecipeDatabase.cs
  artifactKey: Guid(00d736397425c1b45b6bf2dde5d96776) Importer(815301076,1909f56bfc062723c751e8b465ee728b)
Start importing Assets/Scenes/RecipeDatabase.cs using Guid(00d736397425c1b45b6bf2dde5d96776) Importer(815301076,1909f56bfc062723c751e8b465ee728b) (PreviewImporter) -> (artifact id: 'ba8f09df14f7e9613814a935d74eb26b') in 0.0235331 seconds
Number of updated asset objects reloaded before import = 0Number of asset objects unloaded after import = 0

========================================================================
Received Prepare
Begin MonoManager ReloadAssembly
Symbol file LoadedFromMemory doesn't match image C:\Users\hangu\OneDrive\문서\GitHub\VR_Cooking2\VRProject_1\Library\PackageCache\com.unity.visualscripting@1.8.0\Editor\VisualScripting.Core\Dependencies\YamlDotNet\Unity.VisualScripting.YamlDotNet.dll
Symbol file LoadedFromMemory doesn't match image C:\Users\hangu\OneDrive\문서\GitHub\VR_Cooking2\VRProject_1\Library\PackageCache\com.unity.visualscripting@1.8.0\Editor\VisualScripting.Core\Dependencies\DotNetZip\Unity.VisualScripting.IonicZip.dll
- Loaded All Assemblies, in  3.284 seconds
Refreshing native plugins compatible for Editor in 14.58 ms, found 6 plugins.
Native extension for WindowsStandalone target not found
[MODES] ModeService[none].Initialize
[MODES] ModeService[none].LoadModes
[MODES] Loading mode Default (0) for mode-current-id-VRProject_1
[Package Manager] Failed to launch server process. Reason: Unity was launched with the -noUpm command-line argument
[Package Manager] Unable to send message (not connected to server process).
[Package Manager] Cannot connect to Unity Package Manager local server
System.Reflection.TargetInvocationException: Exception has been thrown by the target of an invocation. ---> System.NullReferenceException: Object reference not set to an instance of an object
  at Unity.XR.Oculus.OculusLoader.AssetPathToAbsolutePath (System.String assetPath) [0x0003d] in .\Library\PackageCache\com.unity.xr.oculus@4.2.0\Runtime\OculusLoader.cs:298 
  at Unity.XR.Oculus.OculusLoader.EditorLoadOVRPlugin () [0x0008c] in .\Library\PackageCache\com.unity.xr.oculus@4.2.0\Runtime\OculusLoader.cs:283 
  at (wrapper managed-to-native) System.Reflection.RuntimeMethodInfo.InternalInvoke(System.Reflection.RuntimeMethodInfo,object,object[],System.Exception&)
  at System.Reflection.RuntimeMethodInfo.Invoke (System.Object obj, System.Reflection.BindingFlags invokeAttr, System.Reflection.Binder binder, System.Object[] parameters, System.Globalization.CultureInfo culture) [0x0006a] in <ecf276dcb8654fa5bed2c5ea1a4ad870>:0 
   --- End of inner exception stack trace ---
  at System.Reflection.RuntimeMethodInfo.Invoke (System.Object obj, System.Reflection.BindingFlags invokeAttr, System.Reflection.Binder binder, System.Object[] parameters, System.Globalization.CultureInfo culture) [0x00083] in <ecf276dcb8654fa5bed2c5ea1a4ad870>:0 
  at System.Reflection.MethodBase.Invoke (System.Object obj, System.Object[] parameters) [0x00000] in <ecf276dcb8654fa5bed2c5ea1a4ad870>:0 
  at UnityEditor.EditorAssemblies.ProcessInitializeOnLoadMethodAttributes () [0x00056] in <8f5ff83e453e49179847370b820a0398>:0 
UnityEngine.Debug:ExtractStackTraceNoAlloc (byte*,int,string)
UnityEngine.StackTraceUtility:ExtractStackTrace ()
UnityEngine.DebugLogHandler:Internal_Log (UnityEngine.LogType,UnityEngine.LogOption,string,UnityEngine.Object)
UnityEngine.DebugLogHandler:LogFormat (UnityEngine.LogType,UnityEngine.Object,string,object[])
UnityEngine.Logger:Log (UnityEngine.LogType,object)
UnityEngine.Debug:LogError (object)
UnityEditor.EditorAssemblies:ProcessInitializeOnLoadMethodAttributes ()

Mono: successfully reloaded assembly
[Package Manager] Failed to launch server process. Reason: Unity was launched with the -noUpm command-line argument
[Package Manager] Unable to send message (not connected to server process).
[Package Manager] Cannot connect to Unity Package Manager local server
- Finished resetting the current domain, in  3.426 seconds
Domain Reload Profiling: 6708ms
	BeginReloadAssembly (714ms)
		ExecutionOrderSort (0ms)
		DisableScriptedObjects (18ms)
		BackupInstance (0ms)
		ReleaseScriptingObjects (1ms)
		CreateAndSetChildDomain (150ms)
	RebuildCommonClasses (155ms)
	RebuildNativeTypeToScriptingClass (50ms)
	initialDomainReloadingComplete (105ms)
	LoadAllAssembliesAndSetupDomain (2258ms)
		LoadAssemblies (1368ms)
		RebuildTransferFunctionScriptingTraits (0ms)
		AnalyzeDomain (1299ms)
			TypeCache.Refresh (52ms)
				TypeCache.ScanAssembly (1ms)
			BuildScriptInfoCaches (956ms)
			ResolveRequiredComponents (112ms)
	FinalizeReload (3427ms)
		ReleaseScriptCaches (0ms)
		RebuildScriptCaches (0ms)
		SetupLoadedEditorAssemblies (2419ms)
			LogAssemblyErrors (0ms)
			InitializePlatformSupportModulesInManaged (11ms)
			SetLoadedEditorAssemblies (17ms)
			BeforeProcessingInitializeOnLoad (284ms)
			ProcessInitializeOnLoadAttributes (1690ms)
			ProcessInitializeOnLoadMethodAttributes (387ms)
			AfterProcessingInitializeOnLoad (29ms)
			EditorAssembliesLoaded (1ms)
		ExecutionOrderSort2 (0ms)
		AwakeInstancesAfterBackupRestoration (96ms)
Refreshing native plugins compatible for Editor in 12.18 ms, found 6 plugins.
Preloading 1 native plugins for Editor in 0.38 ms.
Unloading 21 Unused Serialized files (Serialized files now loaded: 0)
Unloading 6406 unused Assets / (5.8 MB). Loaded Objects now: 7140.
Memory consumption went from 163.1 MB to 157.4 MB.
Total: 32.252700 ms (FindLiveObjects: 1.946900 ms CreateObjectMapping: 1.867000 ms MarkObjects: 18.800400 ms  DeleteObjects: 9.634200 ms)

Prepare: number of updated asset objects reloaded= 0
========================================================================
Received Prepare
Refreshing native plugins compatible for Editor in 7.27 ms, found 6 plugins.
Preloading 1 native plugins for Editor in 0.63 ms.
Unloading 21 Unused Serialized files (Serialized files now loaded: 0)
Unloading 6399 unused Assets / (6.4 MB). Loaded Objects now: 7132.
Memory consumption went from 163.6 MB to 157.2 MB.
Total: 29.996700 ms (FindLiveObjects: 3.341700 ms CreateObjectMapping: 1.393600 ms MarkObjects: 14.163800 ms  DeleteObjects: 11.094000 ms)

Prepare: number of updated asset objects reloaded= 0
========================================================================
Received Prepare
Begin MonoManager ReloadAssembly
Symbol file LoadedFromMemory doesn't match image C:\Users\hangu\OneDrive\문서\GitHub\VR_Cooking2\VRProject_1\Library\PackageCache\com.unity.visualscripting@1.8.0\Editor\VisualScripting.Core\Dependencies\YamlDotNet\Unity.VisualScripting.YamlDotNet.dll
Symbol file LoadedFromMemory doesn't match image C:\Users\hangu\OneDrive\문서\GitHub\VR_Cooking2\VRProject_1\Library\PackageCache\com.unity.visualscripting@1.8.0\Editor\VisualScripting.Core\Dependencies\DotNetZip\Unity.VisualScripting.IonicZip.dll
- Loaded All Assemblies, in  2.487 seconds
Refreshing native plugins compatible for Editor in 15.64 ms, found 6 plugins.
Native extension for WindowsStandalone target not found
[MODES] ModeService[none].Initialize
[MODES] ModeService[none].LoadModes
[MODES] Loading mode Default (0) for mode-current-id-VRProject_1
[Package Manager] Failed to launch server process. Reason: Unity was launched with the -noUpm command-line argument
[Package Manager] Unable to send message (not connected to server process).
[Package Manager] Cannot connect to Unity Package Manager local server
System.Reflection.TargetInvocationException: Exception has been thrown by the target of an invocation. ---> System.NullReferenceException: Object reference not set to an instance of an object
  at Unity.XR.Oculus.OculusLoader.AssetPathToAbsolutePath (System.String assetPath) [0x0003d] in .\Library\PackageCache\com.unity.xr.oculus@4.2.0\Runtime\OculusLoader.cs:298 
  at Unity.XR.Oculus.OculusLoader.EditorLoadOVRPlugin () [0x0008c] in .\Library\PackageCache\com.unity.xr.oculus@4.2.0\Runtime\OculusLoader.cs:283 
  at (wrapper managed-to-native) System.Reflection.RuntimeMethodInfo.InternalInvoke(System.Reflection.RuntimeMethodInfo,object,object[],System.Exception&)
  at System.Reflection.RuntimeMethodInfo.Invoke (System.Object obj, System.Reflection.BindingFlags invokeAttr, System.Reflection.Binder binder, System.Object[] parameters, System.Globalization.CultureInfo culture) [0x0006a] in <ecf276dcb8654fa5bed2c5ea1a4ad870>:0 
   --- End of inner exception stack trace ---
  at System.Reflection.RuntimeMethodInfo.Invoke (System.Object obj, System.Reflection.BindingFlags invokeAttr, System.Reflection.Binder binder, System.Object[] parameters, System.Globalization.CultureInfo culture) [0x00083] in <ecf276dcb8654fa5bed2c5ea1a4ad870>:0 
  at System.Reflection.MethodBase.Invoke (System.Object obj, System.Object[] parameters) [0x00000] in <ecf276dcb8654fa5bed2c5ea1a4ad870>:0 
  at UnityEditor.EditorAssemblies.ProcessInitializeOnLoadMethodAttributes () [0x00056] in <8f5ff83e453e49179847370b820a0398>:0 
UnityEngine.Debug:ExtractStackTraceNoAlloc (byte*,int,string)
UnityEngine.StackTraceUtility:ExtractStackTrace ()
UnityEngine.DebugLogHandler:Internal_Log (UnityEngine.LogType,UnityEngine.LogOption,string,UnityEngine.Object)
UnityEngine.DebugLogHandler:LogFormat (UnityEngine.LogType,UnityEngine.Object,string,object[])
UnityEngine.Logger:Log (UnityEngine.LogType,object)
UnityEngine.Debug:LogError (object)
UnityEditor.EditorAssemblies:ProcessInitializeOnLoadMethodAttributes ()

Mono: successfully reloaded assembly
[Package Manager] Failed to launch server process. Reason: Unity was launched with the -noUpm command-line argument
[Package Manager] Unable to send message (not connected to server process).
[Package Manager] Cannot connect to Unity Package Manager local server
- Finished resetting the current domain, in  4.348 seconds
Domain Reload Profiling: 6836ms
	BeginReloadAssembly (650ms)
		ExecutionOrderSort (0ms)
		DisableScriptedObjects (20ms)
		BackupInstance (0ms)
		ReleaseScriptingObjects (0ms)
		CreateAndSetChildDomain (154ms)
	RebuildCommonClasses (212ms)
	RebuildNativeTypeToScriptingClass (45ms)
	initialDomainReloadingComplete (89ms)
	LoadAllAssembliesAndSetupDomain (1489ms)
		LoadAssemblies (1145ms)
		RebuildTransferFunctionScriptingTraits (0ms)
		AnalyzeDomain (695ms)
			TypeCache.Refresh (21ms)
				TypeCache.ScanAssembly (1ms)
			BuildScriptInfoCaches (609ms)
			ResolveRequiredComponents (51ms)
	FinalizeReload (4350ms)
		ReleaseScriptCaches (0ms)
		RebuildScriptCaches (0ms)
		SetupLoadedEditorAssemblies (3072ms)
			LogAssemblyErrors (0ms)
			InitializePlatformSupportModulesInManaged (13ms)
			SetLoadedEditorAssemblies (26ms)
			BeforeProcessingInitializeOnLoad (359ms)
			ProcessInitializeOnLoadAttributes (2191ms)
			ProcessInitializeOnLoadMethodAttributes (456ms)
			AfterProcessingInitializeOnLoad (27ms)
			EditorAssembliesLoaded (1ms)
		ExecutionOrderSort2 (0ms)
		AwakeInstancesAfterBackupRestoration (123ms)
Refreshing native plugins compatible for Editor in 17.89 ms, found 6 plugins.
Preloading 1 native plugins for Editor in 0.50 ms.
Unloading 21 Unused Serialized files (Serialized files now loaded: 0)
Unloading 6407 unused Assets / (4.7 MB). Loaded Objects now: 7143.
Memory consumption went from 165.1 MB to 160.4 MB.
Total: 25.479200 ms (FindLiveObjects: 1.307600 ms CreateObjectMapping: 2.632300 ms MarkObjects: 15.367800 ms  DeleteObjects: 6.168200 ms)

Prepare: number of updated asset objects reloaded= 0
========================================================================
Received Import Request.
  Time since last request: 43.364834 seconds.
  path: Assets/Scenes/Order.cs
  artifactKey: Guid(894d292d3c9048645b867549dee489cc) Importer(815301076,1909f56bfc062723c751e8b465ee728b)
Start importing Assets/Scenes/Order.cs using Guid(894d292d3c9048645b867549dee489cc) Importer(815301076,1909f56bfc062723c751e8b465ee728b) (PreviewImporter) -> (artifact id: 'a9adbfcbaee7cd7eb4d5d36937e3fce8') in 0.0248045 seconds
Number of updated asset objects reloaded before import = 0Number of asset objects unloaded after import = 0

========================================================================
Received Prepare
Refreshing native plugins compatible for Editor in 28.95 ms, found 6 plugins.
Preloading 1 native plugins for Editor in 0.48 ms.
Unloading 21 Unused Serialized files (Serialized files now loaded: 0)
Unloading 6399 unused Assets / (4.6 MB). Loaded Objects now: 7134.
Memory consumption went from 165.5 MB to 160.9 MB.
Total: 46.305000 ms (FindLiveObjects: 1.371500 ms CreateObjectMapping: 2.110300 ms MarkObjects: 31.033300 ms  DeleteObjects: 11.787600 ms)

Prepare: number of updated asset objects reloaded= 0
========================================================================
Received Prepare
Begin MonoManager ReloadAssembly
Symbol file LoadedFromMemory doesn't match image C:\Users\hangu\OneDrive\문서\GitHub\VR_Cooking2\VRProject_1\Library\PackageCache\com.unity.visualscripting@1.8.0\Editor\VisualScripting.Core\Dependencies\YamlDotNet\Unity.VisualScripting.YamlDotNet.dll
Symbol file LoadedFromMemory doesn't match image C:\Users\hangu\OneDrive\문서\GitHub\VR_Cooking2\VRProject_1\Library\PackageCache\com.unity.visualscripting@1.8.0\Editor\VisualScripting.Core\Dependencies\DotNetZip\Unity.VisualScripting.IonicZip.dll
- Loaded All Assemblies, in  3.504 seconds
Refreshing native plugins compatible for Editor in 21.76 ms, found 6 plugins.
Native extension for WindowsStandalone target not found
[MODES] ModeService[none].Initialize
[MODES] ModeService[none].LoadModes
[MODES] Loading mode Default (0) for mode-current-id-VRProject_1
[Package Manager] Failed to launch server process. Reason: Unity was launched with the -noUpm command-line argument
[Package Manager] Unable to send message (not connected to server process).
[Package Manager] Cannot connect to Unity Package Manager local server
System.Reflection.TargetInvocationException: Exception has been thrown by the target of an invocation. ---> System.NullReferenceException: Object reference not set to an instance of an object
  at Unity.XR.Oculus.OculusLoader.AssetPathToAbsolutePath (System.String assetPath) [0x0003d] in .\Library\PackageCache\com.unity.xr.oculus@4.2.0\Runtime\OculusLoader.cs:298 
  at Unity.XR.Oculus.OculusLoader.EditorLoadOVRPlugin () [0x0008c] in .\Library\PackageCache\com.unity.xr.oculus@4.2.0\Runtime\OculusLoader.cs:283 
  at (wrapper managed-to-native) System.Reflection.RuntimeMethodInfo.InternalInvoke(System.Reflection.RuntimeMethodInfo,object,object[],System.Exception&)
  at System.Reflection.RuntimeMethodInfo.Invoke (System.Object obj, System.Reflection.BindingFlags invokeAttr, System.Reflection.Binder binder, System.Object[] parameters, System.Globalization.CultureInfo culture) [0x0006a] in <ecf276dcb8654fa5bed2c5ea1a4ad870>:0 
   --- End of inner exception stack trace ---
  at System.Reflection.RuntimeMethodInfo.Invoke (System.Object obj, System.Reflection.BindingFlags invokeAttr, System.Reflection.Binder binder, System.Object[] parameters, System.Globalization.CultureInfo culture) [0x00083] in <ecf276dcb8654fa5bed2c5ea1a4ad870>:0 
  at System.Reflection.MethodBase.Invoke (System.Object obj, System.Object[] parameters) [0x00000] in <ecf276dcb8654fa5bed2c5ea1a4ad870>:0 
  at UnityEditor.EditorAssemblies.ProcessInitializeOnLoadMethodAttributes () [0x00056] in <8f5ff83e453e49179847370b820a0398>:0 
UnityEngine.Debug:ExtractStackTraceNoAlloc (byte*,int,string)
UnityEngine.StackTraceUtility:ExtractStackTrace ()
UnityEngine.DebugLogHandler:Internal_Log (UnityEngine.LogType,UnityEngine.LogOption,string,UnityEngine.Object)
UnityEngine.DebugLogHandler:LogFormat (UnityEngine.LogType,UnityEngine.Object,string,object[])
UnityEngine.Logger:Log (UnityEngine.LogType,object)
UnityEngine.Debug:LogError (object)
UnityEditor.EditorAssemblies:ProcessInitializeOnLoadMethodAttributes ()

Error saving file Library/StateCache/LayerSettings/9e/9ecc5c3c162a7aba29bafa64c8b94b7c.json. Error: System.IO.IOException: Sharing violation on path C:\Users\hangu\OneDrive\문서\GitHub\VR_Cooking2\VRProject_1\Library\StateCache\LayerSettings\9e\9ecc5c3c162a7aba29bafa64c8b94b7c.json
  at System.IO.FileStream..ctor (System.String path, System.IO.FileMode mode, System.IO.FileAccess access, System.IO.FileShare share, System.Int32 bufferSize, System.Boolean anonymous, System.IO.FileOptions options) [0x0019e] in <ecf276dcb8654fa5bed2c5ea1a4ad870>:0 
  at System.IO.FileStream..ctor (System.String path, System.IO.FileMode mode, System.IO.FileAccess access, System.IO.FileShare share, System.Int32 bufferSize, System.IO.FileOptions options) [0x00000] in <ecf276dcb8654fa5bed2c5ea1a4ad870>:0 
  at (wrapper remoting-invoke-with-check) System.IO.FileStream..ctor(string,System.IO.FileMode,System.IO.FileAccess,System.IO.FileShare,int,System.IO.FileOptions)
  at System.IO.StreamWriter..ctor (System.String path, System.Boolean append, System.Text.Encoding encoding, System.Int32 bufferSize) [0x00055] in <ecf276dcb8654fa5bed2c5ea1a4ad870>:0 
  at System.IO.StreamWriter..ctor (System.String path, System.Boolean append, System.Text.Encoding encoding) [0x00000] in <ecf276dcb8654fa5bed2c5ea1a4ad870>:0 
  at (wrapper remoting-invoke-with-check) System.IO.StreamWriter..ctor(string,bool,System.Text.Encoding)
  at System.IO.File.WriteAllText (System.String path, System.String contents, System.Text.Encoding encoding) [0x00034] in <ecf276dcb8654fa5bed2c5ea1a4ad870>:0 
  at UnityEditor.StateCache`1[T].SetState (UnityEngine.Hash128 key, T obj) [0x0004b] in <8f5ff83e453e49179847370b820a0398>:0 
UnityEngine.Debug:ExtractStackTraceNoAlloc (byte*,int,string)
UnityEngine.StackTraceUtility:ExtractStackTrace ()
UnityEngine.DebugLogHandler:Internal_Log (UnityEngine.LogType,UnityEngine.LogOption,string,UnityEngine.Object)
UnityEngine.DebugLogHandler:LogFormat (UnityEngine.LogType,UnityEngine.Object,string,object[])
UnityEngine.Logger:Log (UnityEngine.LogType,object)
UnityEngine.Debug:LogError (object)
UnityEditor.StateCache`1<UnityEditor.Tools/LayerSettings>:SetState (UnityEngine.Hash128,UnityEditor.Tools/LayerSettings)
UnityEditor.Tools:set_lockedLayers (int)
UnityEditor.Tools:OnEnable ()

Error saving file Library/StateCache/LayerSettings/9e/9ecc5c3c162a7aba29bafa64c8b94b7c.json. Error: System.IO.IOException: Sharing violation on path C:\Users\hangu\OneDrive\문서\GitHub\VR_Cooking2\VRProject_1\Library\StateCache\LayerSettings\9e\9ecc5c3c162a7aba29bafa64c8b94b7c.json
  at System.IO.FileStream..ctor (System.String path, System.IO.FileMode mode, System.IO.FileAccess access, System.IO.FileShare share, System.Int32 bufferSize, System.Boolean anonymous, System.IO.FileOptions options) [0x0019e] in <ecf276dcb8654fa5bed2c5ea1a4ad870>:0 
  at System.IO.FileStream..ctor (System.String path, System.IO.FileMode mode, System.IO.FileAccess access, System.IO.FileShare share, System.Int32 bufferSize, System.IO.FileOptions options) [0x00000] in <ecf276dcb8654fa5bed2c5ea1a4ad870>:0 
  at (wrapper remoting-invoke-with-check) System.IO.FileStream..ctor(string,System.IO.FileMode,System.IO.FileAccess,System.IO.FileShare,int,System.IO.FileOptions)
  at System.IO.StreamWriter..ctor (System.String path, System.Boolean append, System.Text.Encoding encoding, System.Int32 bufferSize) [0x00055] in <ecf276dcb8654fa5bed2c5ea1a4ad870>:0 
  at System.IO.StreamWriter..ctor (System.String path, System.Boolean append, System.Text.Encoding encoding) [0x00000] in <ecf276dcb8654fa5bed2c5ea1a4ad870>:0 
  at (wrapper remoting-invoke-with-check) System.IO.StreamWriter..ctor(string,bool,System.Text.Encoding)
  at System.IO.File.WriteAllText (System.String path, System.String contents, System.Text.Encoding encoding) [0x00034] in <ecf276dcb8654fa5bed2c5ea1a4ad870>:0 
  at UnityEditor.StateCache`1[T].SetState (UnityEngine.Hash128 key, T obj) [0x0004b] in <8f5ff83e453e49179847370b820a0398>:0 
UnityEngine.Debug:ExtractStackTraceNoAlloc (byte*,int,string)
UnityEngine.StackTraceUtility:ExtractStackTrace ()
UnityEngine.DebugLogHandler:Internal_Log (UnityEngine.LogType,UnityEngine.LogOption,string,UnityEngine.Object)
UnityEngine.DebugLogHandler:LogFormat (UnityEngine.LogType,UnityEngine.Object,string,object[])
UnityEngine.Logger:Log (UnityEngine.LogType,object)
UnityEngine.Debug:LogError (object)
UnityEditor.StateCache`1<UnityEditor.Tools/LayerSettings>:SetState (UnityEngine.Hash128,UnityEditor.Tools/LayerSettings)
UnityEditor.Tools:set_lockedLayers (int)
UnityEditor.Tools:OnEnable ()

Mono: successfully reloaded assembly
[Package Manager] Failed to launch server process. Reason: Unity was launched with the -noUpm command-line argument
[Package Manager] Unable to send message (not connected to server process).
[Package Manager] Cannot connect to Unity Package Manager local server
- Finished resetting the current domain, in  4.034 seconds
Domain Reload Profiling: 7552ms
	BeginReloadAssembly (1005ms)
		ExecutionOrderSort (0ms)
		DisableScriptedObjects (29ms)
		BackupInstance (0ms)
		ReleaseScriptingObjects (3ms)
		CreateAndSetChildDomain (177ms)
	RebuildCommonClasses (175ms)
	RebuildNativeTypeToScriptingClass (70ms)
	initialDomainReloadingComplete (108ms)
	LoadAllAssembliesAndSetupDomain (2156ms)
		LoadAssemblies (1809ms)
		RebuildTransferFunctionScriptingTraits (0ms)
		AnalyzeDomain (947ms)
			TypeCache.Refresh (43ms)
				TypeCache.ScanAssembly (4ms)
			BuildScriptInfoCaches (816ms)
			ResolveRequiredComponents (70ms)
	FinalizeReload (4038ms)
		ReleaseScriptCaches (0ms)
		RebuildScriptCaches (0ms)
		SetupLoadedEditorAssemblies (2719ms)
			LogAssemblyErrors (0ms)
			InitializePlatformSupportModulesInManaged (13ms)
			SetLoadedEditorAssemblies (20ms)
			BeforeProcessingInitializeOnLoad (419ms)
			ProcessInitializeOnLoadAttributes (1972ms)
			ProcessInitializeOnLoadMethodAttributes (276ms)
			AfterProcessingInitializeOnLoad (17ms)
			EditorAssembliesLoaded (1ms)
		ExecutionOrderSort2 (0ms)
		AwakeInstancesAfterBackupRestoration (77ms)
Refreshing native plugins compatible for Editor in 8.75 ms, found 6 plugins.
Preloading 1 native plugins for Editor in 0.85 ms.
Unloading 21 Unused Serialized files (Serialized files now loaded: 0)
Unloading 6407 unused Assets / (4.7 MB). Loaded Objects now: 7145.
Memory consumption went from 167.0 MB to 162.2 MB.
Total: 33.701300 ms (FindLiveObjects: 1.938900 ms CreateObjectMapping: 1.617100 ms MarkObjects: 24.613000 ms  DeleteObjects: 5.526700 ms)

Prepare: number of updated asset objects reloaded= 0
========================================================================
Received Prepare
Refreshing native plugins compatible for Editor in 15.96 ms, found 6 plugins.
Preloading 1 native plugins for Editor in 0.28 ms.
Unloading 21 Unused Serialized files (Serialized files now loaded: 0)
Unloading 6399 unused Assets / (3.7 MB). Loaded Objects now: 7136.
Memory consumption went from 167.4 MB to 163.7 MB.
Total: 43.787700 ms (FindLiveObjects: 5.482600 ms CreateObjectMapping: 1.836500 ms MarkObjects: 23.829100 ms  DeleteObjects: 12.636200 ms)

Prepare: number of updated asset objects reloaded= 0
========================================================================
Received Prepare
Begin MonoManager ReloadAssembly
Symbol file LoadedFromMemory doesn't match image C:\Users\hangu\OneDrive\문서\GitHub\VR_Cooking2\VRProject_1\Library\PackageCache\com.unity.visualscripting@1.8.0\Editor\VisualScripting.Core\Dependencies\YamlDotNet\Unity.VisualScripting.YamlDotNet.dll
Symbol file LoadedFromMemory doesn't match image C:\Users\hangu\OneDrive\문서\GitHub\VR_Cooking2\VRProject_1\Library\PackageCache\com.unity.visualscripting@1.8.0\Editor\VisualScripting.Core\Dependencies\DotNetZip\Unity.VisualScripting.IonicZip.dll
- Loaded All Assemblies, in  4.519 seconds
Refreshing native plugins compatible for Editor in 15.35 ms, found 6 plugins.
Native extension for WindowsStandalone target not found
[MODES] ModeService[none].Initialize
[MODES] ModeService[none].LoadModes
[MODES] Loading mode Default (0) for mode-current-id-VRProject_1
[Package Manager] Failed to launch server process. Reason: Unity was launched with the -noUpm command-line argument
[Package Manager] Unable to send message (not connected to server process).
[Package Manager] Cannot connect to Unity Package Manager local server
System.Reflection.TargetInvocationException: Exception has been thrown by the target of an invocation. ---> System.NullReferenceException: Object reference not set to an instance of an object
  at Unity.XR.Oculus.OculusLoader.AssetPathToAbsolutePath (System.String assetPath) [0x0003d] in .\Library\PackageCache\com.unity.xr.oculus@4.2.0\Runtime\OculusLoader.cs:298 
  at Unity.XR.Oculus.OculusLoader.EditorLoadOVRPlugin () [0x0008c] in .\Library\PackageCache\com.unity.xr.oculus@4.2.0\Runtime\OculusLoader.cs:283 
  at (wrapper managed-to-native) System.Reflection.RuntimeMethodInfo.InternalInvoke(System.Reflection.RuntimeMethodInfo,object,object[],System.Exception&)
  at System.Reflection.RuntimeMethodInfo.Invoke (System.Object obj, System.Reflection.BindingFlags invokeAttr, System.Reflection.Binder binder, System.Object[] parameters, System.Globalization.CultureInfo culture) [0x0006a] in <ecf276dcb8654fa5bed2c5ea1a4ad870>:0 
   --- End of inner exception stack trace ---
  at System.Reflection.RuntimeMethodInfo.Invoke (System.Object obj, System.Reflection.BindingFlags invokeAttr, System.Reflection.Binder binder, System.Object[] parameters, System.Globalization.CultureInfo culture) [0x00083] in <ecf276dcb8654fa5bed2c5ea1a4ad870>:0 
  at System.Reflection.MethodBase.Invoke (System.Object obj, System.Object[] parameters) [0x00000] in <ecf276dcb8654fa5bed2c5ea1a4ad870>:0 
  at UnityEditor.EditorAssemblies.ProcessInitializeOnLoadMethodAttributes () [0x00056] in <8f5ff83e453e49179847370b820a0398>:0 
UnityEngine.Debug:ExtractStackTraceNoAlloc (byte*,int,string)
UnityEngine.StackTraceUtility:ExtractStackTrace ()
UnityEngine.DebugLogHandler:Internal_Log (UnityEngine.LogType,UnityEngine.LogOption,string,UnityEngine.Object)
UnityEngine.DebugLogHandler:LogFormat (UnityEngine.LogType,UnityEngine.Object,string,object[])
UnityEngine.Logger:Log (UnityEngine.LogType,object)
UnityEngine.Debug:LogError (object)
UnityEditor.EditorAssemblies:ProcessInitializeOnLoadMethodAttributes ()

Mono: successfully reloaded assembly
[Package Manager] Failed to launch server process. Reason: Unity was launched with the -noUpm command-line argument
[Package Manager] Unable to send message (not connected to server process).
[Package Manager] Cannot connect to Unity Package Manager local server
- Finished resetting the current domain, in  4.126 seconds
Domain Reload Profiling: 8648ms
	BeginReloadAssembly (756ms)
		ExecutionOrderSort (0ms)
		DisableScriptedObjects (32ms)
		BackupInstance (0ms)
		ReleaseScriptingObjects (1ms)
		CreateAndSetChildDomain (168ms)
	RebuildCommonClasses (182ms)
	RebuildNativeTypeToScriptingClass (66ms)
	initialDomainReloadingComplete (113ms)
	LoadAllAssembliesAndSetupDomain (3403ms)
		LoadAssemblies (2009ms)
		RebuildTransferFunctionScriptingTraits (0ms)
		AnalyzeDomain (1797ms)
			TypeCache.Refresh (57ms)
				TypeCache.ScanAssembly (3ms)
			BuildScriptInfoCaches (1007ms)
			ResolveRequiredComponents (396ms)
	FinalizeReload (4127ms)
		ReleaseScriptCaches (0ms)
		RebuildScriptCaches (0ms)
		SetupLoadedEditorAssemblies (3063ms)
			LogAssemblyErrors (0ms)
			InitializePlatformSupportModulesInManaged (8ms)
			SetLoadedEditorAssemblies (27ms)
			BeforeProcessingInitializeOnLoad (408ms)
			ProcessInitializeOnLoadAttributes (2186ms)
			ProcessInitializeOnLoadMethodAttributes (407ms)
			AfterProcessingInitializeOnLoad (24ms)
			EditorAssembliesLoaded (2ms)
		ExecutionOrderSort2 (0ms)
		AwakeInstancesAfterBackupRestoration (129ms)
Refreshing native plugins compatible for Editor in 7.09 ms, found 6 plugins.
Preloading 1 native plugins for Editor in 0.22 ms.
Unloading 21 Unused Serialized files (Serialized files now loaded: 0)
Unloading 6407 unused Assets / (6.2 MB). Loaded Objects now: 7147.
Memory consumption went from 168.9 MB to 162.7 MB.
Total: 36.526700 ms (FindLiveObjects: 3.146800 ms CreateObjectMapping: 1.165100 ms MarkObjects: 21.780500 ms  DeleteObjects: 10.429400 ms)

Prepare: number of updated asset objects reloaded= 0
========================================================================
Received Prepare
Refreshing native plugins compatible for Editor in 14.71 ms, found 6 plugins.
Preloading 1 native plugins for Editor in 0.27 ms.
Unloading 21 Unused Serialized files (Serialized files now loaded: 0)
Unloading 6400 unused Assets / (5.8 MB). Loaded Objects now: 7139.
Memory consumption went from 169.4 MB to 163.5 MB.
Total: 100.493900 ms (FindLiveObjects: 9.460600 ms CreateObjectMapping: 1.779500 ms MarkObjects: 47.353600 ms  DeleteObjects: 41.896300 ms)

Prepare: number of updated asset objects reloaded= 0
========================================================================
Received Prepare
Begin MonoManager ReloadAssembly
Symbol file LoadedFromMemory doesn't match image C:\Users\hangu\OneDrive\문서\GitHub\VR_Cooking2\VRProject_1\Library\PackageCache\com.unity.visualscripting@1.8.0\Editor\VisualScripting.Core\Dependencies\YamlDotNet\Unity.VisualScripting.YamlDotNet.dll
Symbol file LoadedFromMemory doesn't match image C:\Users\hangu\OneDrive\문서\GitHub\VR_Cooking2\VRProject_1\Library\PackageCache\com.unity.visualscripting@1.8.0\Editor\VisualScripting.Core\Dependencies\DotNetZip\Unity.VisualScripting.IonicZip.dll
- Loaded All Assemblies, in  2.681 seconds
Refreshing native plugins compatible for Editor in 19.22 ms, found 6 plugins.
Native extension for WindowsStandalone target not found
[MODES] ModeService[none].Initialize
[MODES] ModeService[none].LoadModes
[MODES] Loading mode Default (0) for mode-current-id-VRProject_1
[Package Manager] Failed to launch server process. Reason: Unity was launched with the -noUpm command-line argument
[Package Manager] Unable to send message (not connected to server process).
[Package Manager] Cannot connect to Unity Package Manager local server
System.Reflection.TargetInvocationException: Exception has been thrown by the target of an invocation. ---> System.NullReferenceException: Object reference not set to an instance of an object
  at Unity.XR.Oculus.OculusLoader.AssetPathToAbsolutePath (System.String assetPath) [0x0003d] in .\Library\PackageCache\com.unity.xr.oculus@4.2.0\Runtime\OculusLoader.cs:298 
  at Unity.XR.Oculus.OculusLoader.EditorLoadOVRPlugin () [0x0008c] in .\Library\PackageCache\com.unity.xr.oculus@4.2.0\Runtime\OculusLoader.cs:283 
  at (wrapper managed-to-native) System.Reflection.RuntimeMethodInfo.InternalInvoke(System.Reflection.RuntimeMethodInfo,object,object[],System.Exception&)
  at System.Reflection.RuntimeMethodInfo.Invoke (System.Object obj, System.Reflection.BindingFlags invokeAttr, System.Reflection.Binder binder, System.Object[] parameters, System.Globalization.CultureInfo culture) [0x0006a] in <ecf276dcb8654fa5bed2c5ea1a4ad870>:0 
   --- End of inner exception stack trace ---
  at System.Reflection.RuntimeMethodInfo.Invoke (System.Object obj, System.Reflection.BindingFlags invokeAttr, System.Reflection.Binder binder, System.Object[] parameters, System.Globalization.CultureInfo culture) [0x00083] in <ecf276dcb8654fa5bed2c5ea1a4ad870>:0 
  at System.Reflection.MethodBase.Invoke (System.Object obj, System.Object[] parameters) [0x00000] in <ecf276dcb8654fa5bed2c5ea1a4ad870>:0 
  at UnityEditor.EditorAssemblies.ProcessInitializeOnLoadMethodAttributes () [0x00056] in <8f5ff83e453e49179847370b820a0398>:0 
UnityEngine.Debug:ExtractStackTraceNoAlloc (byte*,int,string)
UnityEngine.StackTraceUtility:ExtractStackTrace ()
UnityEngine.DebugLogHandler:Internal_Log (UnityEngine.LogType,UnityEngine.LogOption,string,UnityEngine.Object)
UnityEngine.DebugLogHandler:LogFormat (UnityEngine.LogType,UnityEngine.Object,string,object[])
UnityEngine.Logger:Log (UnityEngine.LogType,object)
UnityEngine.Debug:LogError (object)
UnityEditor.EditorAssemblies:ProcessInitializeOnLoadMethodAttributes ()

Mono: successfully reloaded assembly
[Package Manager] Failed to launch server process. Reason: Unity was launched with the -noUpm command-line argument
[Package Manager] Unable to send message (not connected to server process).
[Package Manager] Cannot connect to Unity Package Manager local server
- Finished resetting the current domain, in  4.512 seconds
Domain Reload Profiling: 7179ms
	BeginReloadAssembly (735ms)
		ExecutionOrderSort (0ms)
		DisableScriptedObjects (20ms)
		BackupInstance (0ms)
		ReleaseScriptingObjects (1ms)
		CreateAndSetChildDomain (150ms)
	RebuildCommonClasses (154ms)
	RebuildNativeTypeToScriptingClass (38ms)
	initialDomainReloadingComplete (107ms)
	LoadAllAssembliesAndSetupDomain (1631ms)
		LoadAssemblies (1212ms)
		RebuildTransferFunctionScriptingTraits (0ms)
		AnalyzeDomain (836ms)
			TypeCache.Refresh (23ms)
				TypeCache.ScanAssembly (3ms)
			BuildScriptInfoCaches (744ms)
			ResolveRequiredComponents (58ms)
	FinalizeReload (4513ms)
		ReleaseScriptCaches (0ms)
		RebuildScriptCaches (0ms)
		SetupLoadedEditorAssemblies (3237ms)
			LogAssemblyErrors (0ms)
			InitializePlatformSupportModulesInManaged (12ms)
			SetLoadedEditorAssemblies (18ms)
			BeforeProcessingInitializeOnLoad (516ms)
			ProcessInitializeOnLoadAttributes (2242ms)
			ProcessInitializeOnLoadMethodAttributes (426ms)
			AfterProcessingInitializeOnLoad (21ms)
			EditorAssembliesLoaded (1ms)
		ExecutionOrderSort2 (0ms)
		AwakeInstancesAfterBackupRestoration (100ms)
Refreshing native plugins compatible for Editor in 13.13 ms, found 6 plugins.
Preloading 1 native plugins for Editor in 0.27 ms.
Unloading 21 Unused Serialized files (Serialized files now loaded: 0)
Unloading 6408 unused Assets / (4.9 MB). Loaded Objects now: 7150.
Memory consumption went from 170.9 MB to 166.0 MB.
Total: 37.134000 ms (FindLiveObjects: 3.842000 ms CreateObjectMapping: 2.706500 ms MarkObjects: 23.663700 ms  DeleteObjects: 6.917800 ms)

Prepare: number of updated asset objects reloaded= 0
========================================================================
Received Import Request.
  Time since last request: 80.202347 seconds.
  path: Assets/Scenes/StageManager.cs
  artifactKey: Guid(574907247a2cc694e973cca90ba4a635) Importer(815301076,1909f56bfc062723c751e8b465ee728b)
Start importing Assets/Scenes/StageManager.cs using Guid(574907247a2cc694e973cca90ba4a635) Importer(815301076,1909f56bfc062723c751e8b465ee728b) (PreviewImporter) -> (artifact id: 'efcec0832e0506b2fcdc04058452dca9') in 0.0575085 seconds
Number of updated asset objects reloaded before import = 0Number of asset objects unloaded after import = 0

========================================================================
Received Prepare
Refreshing native plugins compatible for Editor in 11.50 ms, found 6 plugins.
Preloading 1 native plugins for Editor in 0.39 ms.
Unloading 21 Unused Serialized files (Serialized files now loaded: 0)
Unloading 6400 unused Assets / (5.3 MB). Loaded Objects now: 7141.
Memory consumption went from 171.3 MB to 166.0 MB.
Total: 37.291800 ms (FindLiveObjects: 1.421500 ms CreateObjectMapping: 1.767600 ms MarkObjects: 22.374500 ms  DeleteObjects: 11.724200 ms)

Prepare: number of updated asset objects reloaded= 0
========================================================================
Received Prepare
Refreshing native plugins compatible for Editor in 15.12 ms, found 6 plugins.
Preloading 1 native plugins for Editor in 0.22 ms.
Unloading 21 Unused Serialized files (Serialized files now loaded: 0)
Unloading 6400 unused Assets / (5.8 MB). Loaded Objects now: 7141.
Memory consumption went from 171.3 MB to 165.6 MB.
Total: 40.036300 ms (FindLiveObjects: 0.942300 ms CreateObjectMapping: 1.519700 ms MarkObjects: 26.970300 ms  DeleteObjects: 10.600300 ms)

Prepare: number of updated asset objects reloaded= 0
========================================================================
Received Import Request.
  Time since last request: 62.248108 seconds.
  path: Assets/Scenes/RecipeDatabase.cs
  artifactKey: Guid(00d736397425c1b45b6bf2dde5d96776) Importer(815301076,1909f56bfc062723c751e8b465ee728b)
Start importing Assets/Scenes/RecipeDatabase.cs using Guid(00d736397425c1b45b6bf2dde5d96776) Importer(815301076,1909f56bfc062723c751e8b465ee728b) (PreviewImporter) -> (artifact id: '3ca598248b83c0adb07586cd6a429f4e') in 0.0140897 seconds
Number of updated asset objects reloaded before import = 0Number of asset objects unloaded after import = 0

========================================================================
Received Prepare
Refreshing native plugins compatible for Editor in 49.65 ms, found 6 plugins.
Preloading 1 native plugins for Editor in 0.82 ms.
Unloading 21 Unused Serialized files (Serialized files now loaded: 0)
Unloading 6400 unused Assets / (6.4 MB). Loaded Objects now: 7141.
Memory consumption went from 171.3 MB to 164.9 MB.
Total: 39.754500 ms (FindLiveObjects: 2.479500 ms CreateObjectMapping: 2.402800 ms MarkObjects: 20.804400 ms  DeleteObjects: 14.064200 ms)

Prepare: number of updated asset objects reloaded= 0
========================================================================
Received Import Request.
  Time since last request: 17.515853 seconds.
  path: Assets/Scenes/RecipeDatabase.cs
  artifactKey: Guid(00d736397425c1b45b6bf2dde5d96776) Importer(815301076,1909f56bfc062723c751e8b465ee728b)
Start importing Assets/Scenes/RecipeDatabase.cs using Guid(00d736397425c1b45b6bf2dde5d96776) Importer(815301076,1909f56bfc062723c751e8b465ee728b) (PreviewImporter) -> (artifact id: '2f31978b6460e22cce26ccb321af109d') in 0.0102488 seconds
Number of updated asset objects reloaded before import = 0Number of asset objects unloaded after import = 0

========================================================================
Received Prepare
Refreshing native plugins compatible for Editor in 10.72 ms, found 6 plugins.
Preloading 1 native plugins for Editor in 0.23 ms.
Unloading 21 Unused Serialized files (Serialized files now loaded: 0)
Unloading 6400 unused Assets / (4.5 MB). Loaded Objects now: 7141.
Memory consumption went from 171.3 MB to 166.8 MB.
Total: 36.439300 ms (FindLiveObjects: 2.776900 ms CreateObjectMapping: 2.591000 ms MarkObjects: 23.425500 ms  DeleteObjects: 7.641700 ms)

Prepare: number of updated asset objects reloaded= 0
========================================================================
Received Import Request.
  Time since last request: 47.872926 seconds.
  path: Assets/Scenes/OrderManager.cs
  artifactKey: Guid(894d292d3c9048645b867549dee489cc) Importer(815301076,1909f56bfc062723c751e8b465ee728b)
Start importing Assets/Scenes/OrderManager.cs using Guid(894d292d3c9048645b867549dee489cc) Importer(815301076,1909f56bfc062723c751e8b465ee728b) (PreviewImporter) -> (artifact id: '91be40f4cc599ab4014f1de0d59dceb0') in 0.0045363 seconds
Number of updated asset objects reloaded before import = 0Number of asset objects unloaded after import = 0

========================================================================
Received Prepare
Refreshing native plugins compatible for Editor in 22.63 ms, found 6 plugins.
Preloading 1 native plugins for Editor in 0.57 ms.
Unloading 21 Unused Serialized files (Serialized files now loaded: 0)
Unloading 6401 unused Assets / (4.5 MB). Loaded Objects now: 7142.
Memory consumption went from 171.3 MB to 166.9 MB.
Total: 77.306900 ms (FindLiveObjects: 16.010000 ms CreateObjectMapping: 4.766200 ms MarkObjects: 37.523700 ms  DeleteObjects: 19.001700 ms)

Prepare: number of updated asset objects reloaded= 0
========================================================================
Received Prepare
Refreshing native plugins compatible for Editor in 12.04 ms, found 6 plugins.
Preloading 1 native plugins for Editor in 0.56 ms.
Unloading 21 Unused Serialized files (Serialized files now loaded: 0)
Unloading 6401 unused Assets / (5.7 MB). Loaded Objects now: 7142.
Memory consumption went from 171.3 MB to 165.6 MB.
Total: 38.744700 ms (FindLiveObjects: 1.671600 ms CreateObjectMapping: 1.658800 ms MarkObjects: 23.562900 ms  DeleteObjects: 11.846800 ms)

Prepare: number of updated asset objects reloaded= 0
========================================================================
Received Import Request.
  Time since last request: 93.235287 seconds.
  path: Assets/Scenes/CookingSlot.cs
  artifactKey: Guid(114d02e765168c441a9b7271293a6b6b) Importer(815301076,1909f56bfc062723c751e8b465ee728b)
Start importing Assets/Scenes/CookingSlot.cs using Guid(114d02e765168c441a9b7271293a6b6b) Importer(815301076,1909f56bfc062723c751e8b465ee728b) (PreviewImporter) -> (artifact id: 'f29621d9bf50a81c57deec11d27d7861') in 0.0279948 seconds
Number of updated asset objects reloaded before import = 0Number of asset objects unloaded after import = 0

========================================================================
Received Prepare
Refreshing native plugins compatible for Editor in 18.94 ms, found 6 plugins.
Preloading 1 native plugins for Editor in 0.45 ms.
Unloading 21 Unused Serialized files (Serialized files now loaded: 0)
Unloading 6401 unused Assets / (5.1 MB). Loaded Objects now: 7142.
Memory consumption went from 171.3 MB to 166.2 MB.
Total: 43.235700 ms (FindLiveObjects: 4.238300 ms CreateObjectMapping: 2.298700 ms MarkObjects: 24.963500 ms  DeleteObjects: 11.730200 ms)

Prepare: number of updated asset objects reloaded= 0
========================================================================
Received Prepare
Refreshing native plugins compatible for Editor in 22.96 ms, found 6 plugins.
Preloading 1 native plugins for Editor in 0.34 ms.
Unloading 21 Unused Serialized files (Serialized files now loaded: 0)
Unloading 6402 unused Assets / (5.6 MB). Loaded Objects now: 7143.
Memory consumption went from 171.3 MB to 165.7 MB.
Total: 31.573700 ms (FindLiveObjects: 1.816700 ms CreateObjectMapping: 1.774200 ms MarkObjects: 17.366300 ms  DeleteObjects: 10.612100 ms)

Prepare: number of updated asset objects reloaded= 0
========================================================================
Received Import Request.
  Time since last request: 36.035652 seconds.
  path: Assets/Scenes/UiManager.cs
  artifactKey: Guid(48428bc1a941da545ac1194c771c41d0) Importer(815301076,1909f56bfc062723c751e8b465ee728b)
Start importing Assets/Scenes/UiManager.cs using Guid(48428bc1a941da545ac1194c771c41d0) Importer(815301076,1909f56bfc062723c751e8b465ee728b) (PreviewImporter) -> (artifact id: '86375cd910a7714b4de0b710df18741c') in 0.023179 seconds
Number of updated asset objects reloaded before import = 0Number of asset objects unloaded after import = 0

========================================================================
Received Prepare
Refreshing native plugins compatible for Editor in 14.80 ms, found 6 plugins.
Preloading 1 native plugins for Editor in 0.24 ms.
Unloading 21 Unused Serialized files (Serialized files now loaded: 0)
Unloading 6402 unused Assets / (5.2 MB). Loaded Objects now: 7143.
Memory consumption went from 171.3 MB to 166.1 MB.
Total: 46.912800 ms (FindLiveObjects: 1.459100 ms CreateObjectMapping: 6.434100 ms MarkObjects: 21.125700 ms  DeleteObjects: 17.891200 ms)

Prepare: number of updated asset objects reloaded= 0
========================================================================
Received Import Request.
  Time since last request: 10.939621 seconds.
  path: Assets/Scenes/UIManager.cs
  artifactKey: Guid(48428bc1a941da545ac1194c771c41d0) Importer(815301076,1909f56bfc062723c751e8b465ee728b)
Start importing Assets/Scenes/UIManager.cs using Guid(48428bc1a941da545ac1194c771c41d0) Importer(815301076,1909f56bfc062723c751e8b465ee728b) (PreviewImporter) -> (artifact id: '55cbd38d946602e90eaab47912696a65') in 0.0122333 seconds
Number of updated asset objects reloaded before import = 0Number of asset objects unloaded after import = 0

========================================================================
Received Prepare
Begin MonoManager ReloadAssembly
Symbol file LoadedFromMemory doesn't match image C:\Users\hangu\OneDrive\문서\GitHub\VR_Cooking2\VRProject_1\Library\PackageCache\com.unity.visualscripting@1.8.0\Editor\VisualScripting.Core\Dependencies\YamlDotNet\Unity.VisualScripting.YamlDotNet.dll
Symbol file LoadedFromMemory doesn't match image C:\Users\hangu\OneDrive\문서\GitHub\VR_Cooking2\VRProject_1\Library\PackageCache\com.unity.visualscripting@1.8.0\Editor\VisualScripting.Core\Dependencies\DotNetZip\Unity.VisualScripting.IonicZip.dll
- Loaded All Assemblies, in  9.487 seconds
Refreshing native plugins compatible for Editor in 22.22 ms, found 6 plugins.
Native extension for WindowsStandalone target not found
[MODES] ModeService[none].Initialize
[MODES] ModeService[none].LoadModes
[MODES] Loading mode Default (0) for mode-current-id-VRProject_1
[Package Manager] Failed to launch server process. Reason: Unity was launched with the -noUpm command-line argument
[Package Manager] Unable to send message (not connected to server process).
[Package Manager] Cannot connect to Unity Package Manager local server
System.Reflection.TargetInvocationException: Exception has been thrown by the target of an invocation. ---> System.NullReferenceException: Object reference not set to an instance of an object
  at Unity.XR.Oculus.OculusLoader.AssetPathToAbsolutePath (System.String assetPath) [0x0003d] in .\Library\PackageCache\com.unity.xr.oculus@4.2.0\Runtime\OculusLoader.cs:298 
  at Unity.XR.Oculus.OculusLoader.EditorLoadOVRPlugin () [0x0008c] in .\Library\PackageCache\com.unity.xr.oculus@4.2.0\Runtime\OculusLoader.cs:283 
  at (wrapper managed-to-native) System.Reflection.RuntimeMethodInfo.InternalInvoke(System.Reflection.RuntimeMethodInfo,object,object[],System.Exception&)
  at System.Reflection.RuntimeMethodInfo.Invoke (System.Object obj, System.Reflection.BindingFlags invokeAttr, System.Reflection.Binder binder, System.Object[] parameters, System.Globalization.CultureInfo culture) [0x0006a] in <ecf276dcb8654fa5bed2c5ea1a4ad870>:0 
   --- End of inner exception stack trace ---
  at System.Reflection.RuntimeMethodInfo.Invoke (System.Object obj, System.Reflection.BindingFlags invokeAttr, System.Reflection.Binder binder, System.Object[] parameters, System.Globalization.CultureInfo culture) [0x00083] in <ecf276dcb8654fa5bed2c5ea1a4ad870>:0 
  at System.Reflection.MethodBase.Invoke (System.Object obj, System.Object[] parameters) [0x00000] in <ecf276dcb8654fa5bed2c5ea1a4ad870>:0 
  at UnityEditor.EditorAssemblies.ProcessInitializeOnLoadMethodAttributes () [0x00056] in <8f5ff83e453e49179847370b820a0398>:0 
UnityEngine.Debug:ExtractStackTraceNoAlloc (byte*,int,string)
UnityEngine.StackTraceUtility:ExtractStackTrace ()
UnityEngine.DebugLogHandler:Internal_Log (UnityEngine.LogType,UnityEngine.LogOption,string,UnityEngine.Object)
UnityEngine.DebugLogHandler:LogFormat (UnityEngine.LogType,UnityEngine.Object,string,object[])
UnityEngine.Logger:Log (UnityEngine.LogType,object)
UnityEngine.Debug:LogError (object)
UnityEditor.EditorAssemblies:ProcessInitializeOnLoadMethodAttributes ()

Error saving file Library/StateCache/LayerSettings/9e/9ecc5c3c162a7aba29bafa64c8b94b7c.json. Error: System.IO.IOException: Sharing violation on path C:\Users\hangu\OneDrive\문서\GitHub\VR_Cooking2\VRProject_1\Library\StateCache\LayerSettings\9e\9ecc5c3c162a7aba29bafa64c8b94b7c.json
  at System.IO.FileStream..ctor (System.String path, System.IO.FileMode mode, System.IO.FileAccess access, System.IO.FileShare share, System.Int32 bufferSize, System.Boolean anonymous, System.IO.FileOptions options) [0x0019e] in <ecf276dcb8654fa5bed2c5ea1a4ad870>:0 
  at System.IO.FileStream..ctor (System.String path, System.IO.FileMode mode, System.IO.FileAccess access, System.IO.FileShare share, System.Int32 bufferSize, System.IO.FileOptions options) [0x00000] in <ecf276dcb8654fa5bed2c5ea1a4ad870>:0 
  at (wrapper remoting-invoke-with-check) System.IO.FileStream..ctor(string,System.IO.FileMode,System.IO.FileAccess,System.IO.FileShare,int,System.IO.FileOptions)
  at System.IO.StreamWriter..ctor (System.String path, System.Boolean append, System.Text.Encoding encoding, System.Int32 bufferSize) [0x00055] in <ecf276dcb8654fa5bed2c5ea1a4ad870>:0 
  at System.IO.StreamWriter..ctor (System.String path, System.Boolean append, System.Text.Encoding encoding) [0x00000] in <ecf276dcb8654fa5bed2c5ea1a4ad870>:0 
  at (wrapper remoting-invoke-with-check) System.IO.StreamWriter..ctor(string,bool,System.Text.Encoding)
  at System.IO.File.WriteAllText (System.String path, System.String contents, System.Text.Encoding encoding) [0x00034] in <ecf276dcb8654fa5bed2c5ea1a4ad870>:0 
  at UnityEditor.StateCache`1[T].SetState (UnityEngine.Hash128 key, T obj) [0x0004b] in <8f5ff83e453e49179847370b820a0398>:0 
UnityEngine.Debug:ExtractStackTraceNoAlloc (byte*,int,string)
UnityEngine.StackTraceUtility:ExtractStackTrace ()
UnityEngine.DebugLogHandler:Internal_Log (UnityEngine.LogType,UnityEngine.LogOption,string,UnityEngine.Object)
UnityEngine.DebugLogHandler:LogFormat (UnityEngine.LogType,UnityEngine.Object,string,object[])
UnityEngine.Logger:Log (UnityEngine.LogType,object)
UnityEngine.Debug:LogError (object)
UnityEditor.StateCache`1<UnityEditor.Tools/LayerSettings>:SetState (UnityEngine.Hash128,UnityEditor.Tools/LayerSettings)
UnityEditor.Tools:set_lockedLayers (int)
UnityEditor.Tools:OnEnable ()

Mono: successfully reloaded assembly
[Package Manager] Failed to launch server process. Reason: Unity was launched with the -noUpm command-line argument
[Package Manager] Unable to send message (not connected to server process).
[Package Manager] Cannot connect to Unity Package Manager local server
- Finished resetting the current domain, in  7.435 seconds
Domain Reload Profiling: 16913ms
	BeginReloadAssembly (3550ms)
		ExecutionOrderSort (0ms)
		DisableScriptedObjects (194ms)
		BackupInstance (0ms)
		ReleaseScriptingObjects (6ms)
		CreateAndSetChildDomain (1773ms)
	RebuildCommonClasses (228ms)
	RebuildNativeTypeToScriptingClass (66ms)
	initialDomainReloadingComplete (235ms)
	LoadAllAssembliesAndSetupDomain (5392ms)
		LoadAssemblies (4302ms)
		RebuildTransferFunctionScriptingTraits (0ms)
		AnalyzeDomain (2001ms)
			TypeCache.Refresh (254ms)
				TypeCache.ScanAssembly (16ms)
			BuildScriptInfoCaches (1612ms)
			ResolveRequiredComponents (82ms)
	FinalizeReload (7442ms)
		ReleaseScriptCaches (0ms)
		RebuildScriptCaches (0ms)
		SetupLoadedEditorAssemblies (6090ms)
			LogAssemblyErrors (0ms)
			InitializePlatformSupportModulesInManaged (15ms)
			SetLoadedEditorAssemblies (29ms)
			BeforeProcessingInitializeOnLoad (439ms)
			ProcessInitializeOnLoadAttributes (3309ms)
			ProcessInitializeOnLoadMethodAttributes (2247ms)
			AfterProcessingInitializeOnLoad (49ms)
			EditorAssembliesLoaded (2ms)
		ExecutionOrderSort2 (1ms)
		AwakeInstancesAfterBackupRestoration (206ms)
Refreshing native plugins compatible for Editor in 8.99 ms, found 6 plugins.
Preloading 1 native plugins for Editor in 2.85 ms.
Unloading 21 Unused Serialized files (Serialized files now loaded: 0)
Unloading 6410 unused Assets / (5.7 MB). Loaded Objects now: 7154.
Memory consumption went from 172.8 MB to 167.1 MB.
Total: 47.430800 ms (FindLiveObjects: 1.703800 ms CreateObjectMapping: 1.745400 ms MarkObjects: 34.269600 ms  DeleteObjects: 9.705000 ms)

Prepare: number of updated asset objects reloaded= 0
========================================================================
Received Import Request.
  Time since last request: 414.128326 seconds.
  path: Assets/Scenes/UIManager.cs
  artifactKey: Guid(48428bc1a941da545ac1194c771c41d0) Importer(815301076,1909f56bfc062723c751e8b465ee728b)
Start importing Assets/Scenes/UIManager.cs using Guid(48428bc1a941da545ac1194c771c41d0) Importer(815301076,1909f56bfc062723c751e8b465ee728b) (PreviewImporter) -> (artifact id: 'c7c8e6697ebb418820f651b72af82a0a') in 0.0873746 seconds
Number of updated asset objects reloaded before import = 0Number of asset objects unloaded after import = 0

========================================================================
Received Prepare
Begin MonoManager ReloadAssembly
Symbol file LoadedFromMemory doesn't match image C:\Users\hangu\OneDrive\문서\GitHub\VR_Cooking2\VRProject_1\Library\PackageCache\com.unity.visualscripting@1.8.0\Editor\VisualScripting.Core\Dependencies\YamlDotNet\Unity.VisualScripting.YamlDotNet.dll
Symbol file LoadedFromMemory doesn't match image C:\Users\hangu\OneDrive\문서\GitHub\VR_Cooking2\VRProject_1\Library\PackageCache\com.unity.visualscripting@1.8.0\Editor\VisualScripting.Core\Dependencies\DotNetZip\Unity.VisualScripting.IonicZip.dll
- Loaded All Assemblies, in  9.717 seconds
Refreshing native plugins compatible for Editor in 16.84 ms, found 6 plugins.
Native extension for WindowsStandalone target not found
[MODES] ModeService[none].Initialize
[MODES] ModeService[none].LoadModes
[MODES] Loading mode Default (0) for mode-current-id-VRProject_1
[Package Manager] Failed to launch server process. Reason: Unity was launched with the -noUpm command-line argument
[Package Manager] Unable to send message (not connected to server process).
[Package Manager] Cannot connect to Unity Package Manager local server
System.Reflection.TargetInvocationException: Exception has been thrown by the target of an invocation. ---> System.NullReferenceException: Object reference not set to an instance of an object
  at Unity.XR.Oculus.OculusLoader.AssetPathToAbsolutePath (System.String assetPath) [0x0003d] in .\Library\PackageCache\com.unity.xr.oculus@4.2.0\Runtime\OculusLoader.cs:298 
  at Unity.XR.Oculus.OculusLoader.EditorLoadOVRPlugin () [0x0008c] in .\Library\PackageCache\com.unity.xr.oculus@4.2.0\Runtime\OculusLoader.cs:283 
  at (wrapper managed-to-native) System.Reflection.RuntimeMethodInfo.InternalInvoke(System.Reflection.RuntimeMethodInfo,object,object[],System.Exception&)
  at System.Reflection.RuntimeMethodInfo.Invoke (System.Object obj, System.Reflection.BindingFlags invokeAttr, System.Reflection.Binder binder, System.Object[] parameters, System.Globalization.CultureInfo culture) [0x0006a] in <ecf276dcb8654fa5bed2c5ea1a4ad870>:0 
   --- End of inner exception stack trace ---
  at System.Reflection.RuntimeMethodInfo.Invoke (System.Object obj, System.Reflection.BindingFlags invokeAttr, System.Reflection.Binder binder, System.Object[] parameters, System.Globalization.CultureInfo culture) [0x00083] in <ecf276dcb8654fa5bed2c5ea1a4ad870>:0 
  at System.Reflection.MethodBase.Invoke (System.Object obj, System.Object[] parameters) [0x00000] in <ecf276dcb8654fa5bed2c5ea1a4ad870>:0 
  at UnityEditor.EditorAssemblies.ProcessInitializeOnLoadMethodAttributes () [0x00056] in <8f5ff83e453e49179847370b820a0398>:0 
UnityEngine.Debug:ExtractStackTraceNoAlloc (byte*,int,string)
UnityEngine.StackTraceUtility:ExtractStackTrace ()
UnityEngine.DebugLogHandler:Internal_Log (UnityEngine.LogType,UnityEngine.LogOption,string,UnityEngine.Object)
UnityEngine.DebugLogHandler:LogFormat (UnityEngine.LogType,UnityEngine.Object,string,object[])
UnityEngine.Logger:Log (UnityEngine.LogType,object)
UnityEngine.Debug:LogError (object)
UnityEditor.EditorAssemblies:ProcessInitializeOnLoadMethodAttributes ()

Mono: successfully reloaded assembly
[Package Manager] Failed to launch server process. Reason: Unity was launched with the -noUpm command-line argument
[Package Manager] Unable to send message (not connected to server process).
[Package Manager] Cannot connect to Unity Package Manager local server
- Finished resetting the current domain, in  5.229 seconds
Domain Reload Profiling: 14944ms
	BeginReloadAssembly (3409ms)
		ExecutionOrderSort (0ms)
		DisableScriptedObjects (220ms)
		BackupInstance (0ms)
		ReleaseScriptingObjects (6ms)
		CreateAndSetChildDomain (1490ms)
	RebuildCommonClasses (196ms)
	RebuildNativeTypeToScriptingClass (72ms)
	initialDomainReloadingComplete (190ms)
	LoadAllAssembliesAndSetupDomain (5847ms)
		LoadAssemblies (4601ms)
		RebuildTransferFunctionScriptingTraits (0ms)
		AnalyzeDomain (2065ms)
			TypeCache.Refresh (93ms)
				TypeCache.ScanAssembly (0ms)
			BuildScriptInfoCaches (1846ms)
			ResolveRequiredComponents (81ms)
	FinalizeReload (5231ms)
		ReleaseScriptCaches (0ms)
		RebuildScriptCaches (0ms)
		SetupLoadedEditorAssemblies (3748ms)
			LogAssemblyErrors (0ms)
			InitializePlatformSupportModulesInManaged (19ms)
			SetLoadedEditorAssemblies (27ms)
			BeforeProcessingInitializeOnLoad (565ms)
			ProcessInitializeOnLoadAttributes (2581ms)
			ProcessInitializeOnLoadMethodAttributes (525ms)
			AfterProcessingInitializeOnLoad (29ms)
			EditorAssembliesLoaded (2ms)
		ExecutionOrderSort2 (0ms)
		AwakeInstancesAfterBackupRestoration (152ms)
Refreshing native plugins compatible for Editor in 13.35 ms, found 6 plugins.
Preloading 1 native plugins for Editor in 5.02 ms.
Unloading 35 Unused Serialized files (Serialized files now loaded: 0)
Unloading 6424 unused Assets / (6.3 MB). Loaded Objects now: 7156.
Memory consumption went from 178.8 MB to 172.5 MB.
Total: 46.651700 ms (FindLiveObjects: 3.759600 ms CreateObjectMapping: 2.435200 ms MarkObjects: 24.344600 ms  DeleteObjects: 16.084600 ms)

Prepare: number of updated asset objects reloaded= 0
========================================================================
Received Import Request.
  Time since last request: 1151.669653 seconds.
  path: Assets/TextMesh Pro/Resources/Fonts & Materials/LiberationSans SDF - Fallback.asset
  artifactKey: Guid(2e498d1c8094910479dc3e1b768306a4) Importer(815301076,1909f56bfc062723c751e8b465ee728b)
Start importing Assets/TextMesh Pro/Resources/Fonts & Materials/LiberationSans SDF - Fallback.asset using Guid(2e498d1c8094910479dc3e1b768306a4) Importer(815301076,1909f56bfc062723c751e8b465ee728b) (PreviewImporter) -> (artifact id: '989a5d29d4e298a4179f848c251141cc') in 3.8564515 seconds
Number of updated asset objects reloaded before import = 0Number of asset objects unloaded after import = 39

========================================================================
Received Prepare
Begin MonoManager ReloadAssembly
Symbol file LoadedFromMemory doesn't match image C:\Users\hangu\OneDrive\문서\GitHub\VR_Cooking2\VRProject_1\Library\PackageCache\com.unity.visualscripting@1.8.0\Editor\VisualScripting.Core\Dependencies\YamlDotNet\Unity.VisualScripting.YamlDotNet.dll
Symbol file LoadedFromMemory doesn't match image C:\Users\hangu\OneDrive\문서\GitHub\VR_Cooking2\VRProject_1\Library\PackageCache\com.unity.visualscripting@1.8.0\Editor\VisualScripting.Core\Dependencies\DotNetZip\Unity.VisualScripting.IonicZip.dll
- Loaded All Assemblies, in  6.387 seconds
Refreshing native plugins compatible for Editor in 25.26 ms, found 6 plugins.
Native extension for WindowsStandalone target not found
[MODES] ModeService[none].Initialize
[MODES] ModeService[none].LoadModes
[MODES] Loading mode Default (0) for mode-current-id-VRProject_1
[Package Manager] Failed to launch server process. Reason: Unity was launched with the -noUpm command-line argument
[Package Manager] Unable to send message (not connected to server process).
[Package Manager] Cannot connect to Unity Package Manager local server
System.Reflection.TargetInvocationException: Exception has been thrown by the target of an invocation. ---> System.NullReferenceException: Object reference not set to an instance of an object
  at Unity.XR.Oculus.OculusLoader.AssetPathToAbsolutePath (System.String assetPath) [0x0003d] in .\Library\PackageCache\com.unity.xr.oculus@4.2.0\Runtime\OculusLoader.cs:298 
  at Unity.XR.Oculus.OculusLoader.EditorLoadOVRPlugin () [0x0008c] in .\Library\PackageCache\com.unity.xr.oculus@4.2.0\Runtime\OculusLoader.cs:283 
  at (wrapper managed-to-native) System.Reflection.RuntimeMethodInfo.InternalInvoke(System.Reflection.RuntimeMethodInfo,object,object[],System.Exception&)
  at System.Reflection.RuntimeMethodInfo.Invoke (System.Object obj, System.Reflection.BindingFlags invokeAttr, System.Reflection.Binder binder, System.Object[] parameters, System.Globalization.CultureInfo culture) [0x0006a] in <ecf276dcb8654fa5bed2c5ea1a4ad870>:0 
   --- End of inner exception stack trace ---
  at System.Reflection.RuntimeMethodInfo.Invoke (System.Object obj, System.Reflection.BindingFlags invokeAttr, System.Reflection.Binder binder, System.Object[] parameters, System.Globalization.CultureInfo culture) [0x00083] in <ecf276dcb8654fa5bed2c5ea1a4ad870>:0 
  at System.Reflection.MethodBase.Invoke (System.Object obj, System.Object[] parameters) [0x00000] in <ecf276dcb8654fa5bed2c5ea1a4ad870>:0 
  at UnityEditor.EditorAssemblies.ProcessInitializeOnLoadMethodAttributes () [0x00056] in <8f5ff83e453e49179847370b820a0398>:0 
UnityEngine.Debug:ExtractStackTraceNoAlloc (byte*,int,string)
UnityEngine.StackTraceUtility:ExtractStackTrace ()
UnityEngine.DebugLogHandler:Internal_Log (UnityEngine.LogType,UnityEngine.LogOption,string,UnityEngine.Object)
UnityEngine.DebugLogHandler:LogFormat (UnityEngine.LogType,UnityEngine.Object,string,object[])
UnityEngine.Logger:Log (UnityEngine.LogType,object)
UnityEngine.Debug:LogError (object)
UnityEditor.EditorAssemblies:ProcessInitializeOnLoadMethodAttributes ()

Mono: successfully reloaded assembly
[Package Manager] Failed to launch server process. Reason: Unity was launched with the -noUpm command-line argument
[Package Manager] Unable to send message (not connected to server process).
[Package Manager] Cannot connect to Unity Package Manager local server
- Finished resetting the current domain, in  5.181 seconds
Domain Reload Profiling: 11568ms
	BeginReloadAssembly (1413ms)
		ExecutionOrderSort (0ms)
		DisableScriptedObjects (71ms)
		BackupInstance (0ms)
		ReleaseScriptingObjects (3ms)
		CreateAndSetChildDomain (506ms)
	RebuildCommonClasses (153ms)
	RebuildNativeTypeToScriptingClass (61ms)
	initialDomainReloadingComplete (132ms)
	LoadAllAssembliesAndSetupDomain (4623ms)
		LoadAssemblies (3457ms)
		RebuildTransferFunctionScriptingTraits (0ms)
		AnalyzeDomain (1750ms)
			TypeCache.Refresh (36ms)
				TypeCache.ScanAssembly (0ms)
			BuildScriptInfoCaches (1646ms)
			ResolveRequiredComponents (43ms)
	FinalizeReload (5184ms)
		ReleaseScriptCaches (0ms)
		RebuildScriptCaches (0ms)
		SetupLoadedEditorAssemblies (3670ms)
			LogAssemblyErrors (0ms)
			InitializePlatformSupportModulesInManaged (16ms)
			SetLoadedEditorAssemblies (25ms)
			BeforeProcessingInitializeOnLoad (471ms)
			ProcessInitializeOnLoadAttributes (2609ms)
			ProcessInitializeOnLoadMethodAttributes (501ms)
			AfterProcessingInitializeOnLoad (44ms)
			EditorAssembliesLoaded (2ms)
		ExecutionOrderSort2 (1ms)
		AwakeInstancesAfterBackupRestoration (191ms)
Refreshing native plugins compatible for Editor in 20.59 ms, found 6 plugins.
Preloading 1 native plugins for Editor in 19.48 ms.
Unloading 43 Unused Serialized files (Serialized files now loaded: 0)
Unloading 6420 unused Assets / (5.5 MB). Loaded Objects now: 7236.
Memory consumption went from 182.7 MB to 177.2 MB.
Total: 57.937800 ms (FindLiveObjects: 6.194800 ms CreateObjectMapping: 1.957000 ms MarkObjects: 35.348000 ms  DeleteObjects: 14.430700 ms)

Prepare: number of updated asset objects reloaded= 0
========================================================================
Received Prepare
Begin MonoManager ReloadAssembly
Symbol file LoadedFromMemory doesn't match image C:\Users\hangu\OneDrive\문서\GitHub\VR_Cooking2\VRProject_1\Library\PackageCache\com.unity.visualscripting@1.8.0\Editor\VisualScripting.Core\Dependencies\YamlDotNet\Unity.VisualScripting.YamlDotNet.dll
Symbol file LoadedFromMemory doesn't match image C:\Users\hangu\OneDrive\문서\GitHub\VR_Cooking2\VRProject_1\Library\PackageCache\com.unity.visualscripting@1.8.0\Editor\VisualScripting.Core\Dependencies\DotNetZip\Unity.VisualScripting.IonicZip.dll
- Loaded All Assemblies, in  3.322 seconds
Refreshing native plugins compatible for Editor in 15.15 ms, found 6 plugins.
Native extension for WindowsStandalone target not found
[MODES] ModeService[none].Initialize
[MODES] ModeService[none].LoadModes
[MODES] Loading mode Default (0) for mode-current-id-VRProject_1
[Package Manager] Failed to launch server process. Reason: Unity was launched with the -noUpm command-line argument
[Package Manager] Unable to send message (not connected to server process).
[Package Manager] Cannot connect to Unity Package Manager local server
System.Reflection.TargetInvocationException: Exception has been thrown by the target of an invocation. ---> System.NullReferenceException: Object reference not set to an instance of an object
  at Unity.XR.Oculus.OculusLoader.AssetPathToAbsolutePath (System.String assetPath) [0x0003d] in .\Library\PackageCache\com.unity.xr.oculus@4.2.0\Runtime\OculusLoader.cs:298 
  at Unity.XR.Oculus.OculusLoader.EditorLoadOVRPlugin () [0x0008c] in .\Library\PackageCache\com.unity.xr.oculus@4.2.0\Runtime\OculusLoader.cs:283 
  at (wrapper managed-to-native) System.Reflection.RuntimeMethodInfo.InternalInvoke(System.Reflection.RuntimeMethodInfo,object,object[],System.Exception&)
  at System.Reflection.RuntimeMethodInfo.Invoke (System.Object obj, System.Reflection.BindingFlags invokeAttr, System.Reflection.Binder binder, System.Object[] parameters, System.Globalization.CultureInfo culture) [0x0006a] in <ecf276dcb8654fa5bed2c5ea1a4ad870>:0 
   --- End of inner exception stack trace ---
  at System.Reflection.RuntimeMethodInfo.Invoke (System.Object obj, System.Reflection.BindingFlags invokeAttr, System.Reflection.Binder binder, System.Object[] parameters, System.Globalization.CultureInfo culture) [0x00083] in <ecf276dcb8654fa5bed2c5ea1a4ad870>:0 
  at System.Reflection.MethodBase.Invoke (System.Object obj, System.Object[] parameters) [0x00000] in <ecf276dcb8654fa5bed2c5ea1a4ad870>:0 
  at UnityEditor.EditorAssemblies.ProcessInitializeOnLoadMethodAttributes () [0x00056] in <8f5ff83e453e49179847370b820a0398>:0 
UnityEngine.Debug:ExtractStackTraceNoAlloc (byte*,int,string)
UnityEngine.StackTraceUtility:ExtractStackTrace ()
UnityEngine.DebugLogHandler:Internal_Log (UnityEngine.LogType,UnityEngine.LogOption,string,UnityEngine.Object)
UnityEngine.DebugLogHandler:LogFormat (UnityEngine.LogType,UnityEngine.Object,string,object[])
UnityEngine.Logger:Log (UnityEngine.LogType,object)
UnityEngine.Debug:LogError (object)
UnityEditor.EditorAssemblies:ProcessInitializeOnLoadMethodAttributes ()

Mono: successfully reloaded assembly
[Package Manager] Failed to launch server process. Reason: Unity was launched with the -noUpm command-line argument
[Package Manager] Unable to send message (not connected to server process).
[Package Manager] Cannot connect to Unity Package Manager local server
- Finished resetting the current domain, in  4.195 seconds
Domain Reload Profiling: 7513ms
	BeginReloadAssembly (767ms)
		ExecutionOrderSort (0ms)
		DisableScriptedObjects (16ms)
		BackupInstance (0ms)
		ReleaseScriptingObjects (1ms)
		CreateAndSetChildDomain (145ms)
	RebuildCommonClasses (160ms)
	RebuildNativeTypeToScriptingClass (54ms)
	initialDomainReloadingComplete (99ms)
	LoadAllAssembliesAndSetupDomain (2234ms)
		LoadAssemblies (1974ms)
		RebuildTransferFunctionScriptingTraits (0ms)
		AnalyzeDomain (731ms)
			TypeCache.Refresh (16ms)
				TypeCache.ScanAssembly (0ms)
			BuildScriptInfoCaches (662ms)
			ResolveRequiredComponents (43ms)
	FinalizeReload (4198ms)
		ReleaseScriptCaches (0ms)
		RebuildScriptCaches (0ms)
		SetupLoadedEditorAssemblies (2898ms)
			LogAssemblyErrors (0ms)
			InitializePlatformSupportModulesInManaged (11ms)
			SetLoadedEditorAssemblies (25ms)
			BeforeProcessingInitializeOnLoad (350ms)
			ProcessInitializeOnLoadAttributes (2039ms)
			ProcessInitializeOnLoadMethodAttributes (442ms)
			AfterProcessingInitializeOnLoad (29ms)
			EditorAssembliesLoaded (1ms)
		ExecutionOrderSort2 (0ms)
		AwakeInstancesAfterBackupRestoration (149ms)
Refreshing native plugins compatible for Editor in 13.10 ms, found 6 plugins.
Preloading 1 native plugins for Editor in 0.34 ms.
Unloading 31 Unused Serialized files (Serialized files now loaded: 0)
Unloading 6420 unused Assets / (6.3 MB). Loaded Objects now: 7238.
Memory consumption went from 182.5 MB to 176.2 MB.
Total: 34.181600 ms (FindLiveObjects: 3.046300 ms CreateObjectMapping: 2.734800 ms MarkObjects: 15.475200 ms  DeleteObjects: 12.920300 ms)

Prepare: number of updated asset objects reloaded= 0
========================================================================
Received Prepare
Begin MonoManager ReloadAssembly
Symbol file LoadedFromMemory doesn't match image C:\Users\hangu\OneDrive\문서\GitHub\VR_Cooking2\VRProject_1\Library\PackageCache\com.unity.visualscripting@1.8.0\Editor\VisualScripting.Core\Dependencies\YamlDotNet\Unity.VisualScripting.YamlDotNet.dll
Symbol file LoadedFromMemory doesn't match image C:\Users\hangu\OneDrive\문서\GitHub\VR_Cooking2\VRProject_1\Library\PackageCache\com.unity.visualscripting@1.8.0\Editor\VisualScripting.Core\Dependencies\DotNetZip\Unity.VisualScripting.IonicZip.dll
- Loaded All Assemblies, in  9.377 seconds
Refreshing native plugins compatible for Editor in 15.07 ms, found 6 plugins.
Native extension for WindowsStandalone target not found
[MODES] ModeService[none].Initialize
[MODES] ModeService[none].LoadModes
[MODES] Loading mode Default (0) for mode-current-id-VRProject_1
[Package Manager] Failed to launch server process. Reason: Unity was launched with the -noUpm command-line argument
[Package Manager] Unable to send message (not connected to server process).
[Package Manager] Cannot connect to Unity Package Manager local server
System.Reflection.TargetInvocationException: Exception has been thrown by the target of an invocation. ---> System.NullReferenceException: Object reference not set to an instance of an object
  at Unity.XR.Oculus.OculusLoader.AssetPathToAbsolutePath (System.String assetPath) [0x0003d] in .\Library\PackageCache\com.unity.xr.oculus@4.2.0\Runtime\OculusLoader.cs:298 
  at Unity.XR.Oculus.OculusLoader.EditorLoadOVRPlugin () [0x0008c] in .\Library\PackageCache\com.unity.xr.oculus@4.2.0\Runtime\OculusLoader.cs:283 
  at (wrapper managed-to-native) System.Reflection.RuntimeMethodInfo.InternalInvoke(System.Reflection.RuntimeMethodInfo,object,object[],System.Exception&)
  at System.Reflection.RuntimeMethodInfo.Invoke (System.Object obj, System.Reflection.BindingFlags invokeAttr, System.Reflection.Binder binder, System.Object[] parameters, System.Globalization.CultureInfo culture) [0x0006a] in <ecf276dcb8654fa5bed2c5ea1a4ad870>:0 
   --- End of inner exception stack trace ---
  at System.Reflection.RuntimeMethodInfo.Invoke (System.Object obj, System.Reflection.BindingFlags invokeAttr, System.Reflection.Binder binder, System.Object[] parameters, System.Globalization.CultureInfo culture) [0x00083] in <ecf276dcb8654fa5bed2c5ea1a4ad870>:0 
  at System.Reflection.MethodBase.Invoke (System.Object obj, System.Object[] parameters) [0x00000] in <ecf276dcb8654fa5bed2c5ea1a4ad870>:0 
  at UnityEditor.EditorAssemblies.ProcessInitializeOnLoadMethodAttributes () [0x00056] in <8f5ff83e453e49179847370b820a0398>:0 
UnityEngine.Debug:ExtractStackTraceNoAlloc (byte*,int,string)
UnityEngine.StackTraceUtility:ExtractStackTrace ()
UnityEngine.DebugLogHandler:Internal_Log (UnityEngine.LogType,UnityEngine.LogOption,string,UnityEngine.Object)
UnityEngine.DebugLogHandler:LogFormat (UnityEngine.LogType,UnityEngine.Object,string,object[])
UnityEngine.Logger:Log (UnityEngine.LogType,object)
UnityEngine.Debug:LogError (object)
UnityEditor.EditorAssemblies:ProcessInitializeOnLoadMethodAttributes ()

Error saving file Library/StateCache/LayerSettings/9e/9ecc5c3c162a7aba29bafa64c8b94b7c.json. Error: System.IO.IOException: Sharing violation on path C:\Users\hangu\OneDrive\문서\GitHub\VR_Cooking2\VRProject_1\Library\StateCache\LayerSettings\9e\9ecc5c3c162a7aba29bafa64c8b94b7c.json
  at System.IO.FileStream..ctor (System.String path, System.IO.FileMode mode, System.IO.FileAccess access, System.IO.FileShare share, System.Int32 bufferSize, System.Boolean anonymous, System.IO.FileOptions options) [0x0019e] in <ecf276dcb8654fa5bed2c5ea1a4ad870>:0 
  at System.IO.FileStream..ctor (System.String path, System.IO.FileMode mode, System.IO.FileAccess access, System.IO.FileShare share, System.Int32 bufferSize, System.IO.FileOptions options) [0x00000] in <ecf276dcb8654fa5bed2c5ea1a4ad870>:0 
  at (wrapper remoting-invoke-with-check) System.IO.FileStream..ctor(string,System.IO.FileMode,System.IO.FileAccess,System.IO.FileShare,int,System.IO.FileOptions)
  at System.IO.StreamWriter..ctor (System.String path, System.Boolean append, System.Text.Encoding encoding, System.Int32 bufferSize) [0x00055] in <ecf276dcb8654fa5bed2c5ea1a4ad870>:0 
  at System.IO.StreamWriter..ctor (System.String path, System.Boolean append, System.Text.Encoding encoding) [0x00000] in <ecf276dcb8654fa5bed2c5ea1a4ad870>:0 
  at (wrapper remoting-invoke-with-check) System.IO.StreamWriter..ctor(string,bool,System.Text.Encoding)
  at System.IO.File.WriteAllText (System.String path, System.String contents, System.Text.Encoding encoding) [0x00034] in <ecf276dcb8654fa5bed2c5ea1a4ad870>:0 
  at UnityEditor.StateCache`1[T].SetState (UnityEngine.Hash128 key, T obj) [0x0004b] in <8f5ff83e453e49179847370b820a0398>:0 
UnityEngine.Debug:ExtractStackTraceNoAlloc (byte*,int,string)
UnityEngine.StackTraceUtility:ExtractStackTrace ()
UnityEngine.DebugLogHandler:Internal_Log (UnityEngine.LogType,UnityEngine.LogOption,string,UnityEngine.Object)
UnityEngine.DebugLogHandler:LogFormat (UnityEngine.LogType,UnityEngine.Object,string,object[])
UnityEngine.Logger:Log (UnityEngine.LogType,object)
UnityEngine.Debug:LogError (object)
UnityEditor.StateCache`1<UnityEditor.Tools/LayerSettings>:SetState (UnityEngine.Hash128,UnityEditor.Tools/LayerSettings)
UnityEditor.Tools:set_lockedLayers (int)
UnityEditor.Tools:OnEnable ()

Mono: successfully reloaded assembly
[Package Manager] Failed to launch server process. Reason: Unity was launched with the -noUpm command-line argument
[Package Manager] Unable to send message (not connected to server process).
[Package Manager] Cannot connect to Unity Package Manager local server
- Finished resetting the current domain, in  5.226 seconds
Domain Reload Profiling: 14616ms
	BeginReloadAssembly (3394ms)
		ExecutionOrderSort (1ms)
		DisableScriptedObjects (358ms)
		BackupInstance (0ms)
		ReleaseScriptingObjects (5ms)
		CreateAndSetChildDomain (1267ms)
	RebuildCommonClasses (186ms)
	RebuildNativeTypeToScriptingClass (77ms)
	initialDomainReloadingComplete (150ms)
	LoadAllAssembliesAndSetupDomain (5578ms)
		LoadAssemblies (4510ms)
		RebuildTransferFunctionScriptingTraits (0ms)
		AnalyzeDomain (1849ms)
			TypeCache.Refresh (143ms)
				TypeCache.ScanAssembly (4ms)
			BuildScriptInfoCaches (1581ms)
			ResolveRequiredComponents (80ms)
	FinalizeReload (5231ms)
		ReleaseScriptCaches (0ms)
		RebuildScriptCaches (0ms)
		SetupLoadedEditorAssemblies (3415ms)
			LogAssemblyErrors (0ms)
			InitializePlatformSupportModulesInManaged (13ms)
			SetLoadedEditorAssemblies (19ms)
			BeforeProcessingInitializeOnLoad (297ms)
			ProcessInitializeOnLoadAttributes (2597ms)
			ProcessInitializeOnLoadMethodAttributes (457ms)
			AfterProcessingInitializeOnLoad (31ms)
			EditorAssembliesLoaded (2ms)
		ExecutionOrderSort2 (0ms)
		AwakeInstancesAfterBackupRestoration (182ms)
Refreshing native plugins compatible for Editor in 30.11 ms, found 6 plugins.
Preloading 1 native plugins for Editor in 22.06 ms.
Unloading 31 Unused Serialized files (Serialized files now loaded: 0)
Unloading 6420 unused Assets / (6.2 MB). Loaded Objects now: 7240.
Memory consumption went from 184.5 MB to 178.3 MB.
Total: 95.821100 ms (FindLiveObjects: 3.161600 ms CreateObjectMapping: 5.190000 ms MarkObjects: 75.499000 ms  DeleteObjects: 11.961500 ms)

Prepare: number of updated asset objects reloaded= 0
========================================================================
Received Prepare
Begin MonoManager ReloadAssembly
Symbol file LoadedFromMemory doesn't match image C:\Users\hangu\OneDrive\문서\GitHub\VR_Cooking2\VRProject_1\Library\PackageCache\com.unity.visualscripting@1.8.0\Editor\VisualScripting.Core\Dependencies\YamlDotNet\Unity.VisualScripting.YamlDotNet.dll
Symbol file LoadedFromMemory doesn't match image C:\Users\hangu\OneDrive\문서\GitHub\VR_Cooking2\VRProject_1\Library\PackageCache\com.unity.visualscripting@1.8.0\Editor\VisualScripting.Core\Dependencies\DotNetZip\Unity.VisualScripting.IonicZip.dll
- Loaded All Assemblies, in  6.240 seconds
Refreshing native plugins compatible for Editor in 11.49 ms, found 6 plugins.
Native extension for WindowsStandalone target not found
[MODES] ModeService[none].Initialize
[MODES] ModeService[none].LoadModes
[MODES] Loading mode Default (0) for mode-current-id-VRProject_1
[Package Manager] Failed to launch server process. Reason: Unity was launched with the -noUpm command-line argument
[Package Manager] Unable to send message (not connected to server process).
[Package Manager] Cannot connect to Unity Package Manager local server
System.Reflection.TargetInvocationException: Exception has been thrown by the target of an invocation. ---> System.NullReferenceException: Object reference not set to an instance of an object
  at Unity.XR.Oculus.OculusLoader.AssetPathToAbsolutePath (System.String assetPath) [0x0003d] in .\Library\PackageCache\com.unity.xr.oculus@4.2.0\Runtime\OculusLoader.cs:298 
  at Unity.XR.Oculus.OculusLoader.EditorLoadOVRPlugin () [0x0008c] in .\Library\PackageCache\com.unity.xr.oculus@4.2.0\Runtime\OculusLoader.cs:283 
  at (wrapper managed-to-native) System.Reflection.RuntimeMethodInfo.InternalInvoke(System.Reflection.RuntimeMethodInfo,object,object[],System.Exception&)
  at System.Reflection.RuntimeMethodInfo.Invoke (System.Object obj, System.Reflection.BindingFlags invokeAttr, System.Reflection.Binder binder, System.Object[] parameters, System.Globalization.CultureInfo culture) [0x0006a] in <ecf276dcb8654fa5bed2c5ea1a4ad870>:0 
   --- End of inner exception stack trace ---
  at System.Reflection.RuntimeMethodInfo.Invoke (System.Object obj, System.Reflection.BindingFlags invokeAttr, System.Reflection.Binder binder, System.Object[] parameters, System.Globalization.CultureInfo culture) [0x00083] in <ecf276dcb8654fa5bed2c5ea1a4ad870>:0 
  at System.Reflection.MethodBase.Invoke (System.Object obj, System.Object[] parameters) [0x00000] in <ecf276dcb8654fa5bed2c5ea1a4ad870>:0 
  at UnityEditor.EditorAssemblies.ProcessInitializeOnLoadMethodAttributes () [0x00056] in <8f5ff83e453e49179847370b820a0398>:0 
UnityEngine.Debug:ExtractStackTraceNoAlloc (byte*,int,string)
UnityEngine.StackTraceUtility:ExtractStackTrace ()
UnityEngine.DebugLogHandler:Internal_Log (UnityEngine.LogType,UnityEngine.LogOption,string,UnityEngine.Object)
UnityEngine.DebugLogHandler:LogFormat (UnityEngine.LogType,UnityEngine.Object,string,object[])
UnityEngine.Logger:Log (UnityEngine.LogType,object)
UnityEngine.Debug:LogError (object)
UnityEditor.EditorAssemblies:ProcessInitializeOnLoadMethodAttributes ()

Mono: successfully reloaded assembly
[Package Manager] Failed to launch server process. Reason: Unity was launched with the -noUpm command-line argument
[Package Manager] Unable to send message (not connected to server process).
[Package Manager] Cannot connect to Unity Package Manager local server
- Finished resetting the current domain, in  3.133 seconds
Domain Reload Profiling: 9376ms
	BeginReloadAssembly (1891ms)
		ExecutionOrderSort (0ms)
		DisableScriptedObjects (133ms)
		BackupInstance (0ms)
		ReleaseScriptingObjects (3ms)
		CreateAndSetChildDomain (673ms)
	RebuildCommonClasses (191ms)
	RebuildNativeTypeToScriptingClass (54ms)
	initialDomainReloadingComplete (134ms)
	LoadAllAssembliesAndSetupDomain (3972ms)
		LoadAssemblies (3485ms)
		RebuildTransferFunctionScriptingTraits (0ms)
		AnalyzeDomain (1205ms)
			TypeCache.Refresh (117ms)
				TypeCache.ScanAssembly (4ms)
			BuildScriptInfoCaches (973ms)
			ResolveRequiredComponents (71ms)
	FinalizeReload (3134ms)
		ReleaseScriptCaches (0ms)
		RebuildScriptCaches (0ms)
		SetupLoadedEditorAssemblies (2277ms)
			LogAssemblyErrors (0ms)
			InitializePlatformSupportModulesInManaged (7ms)
			SetLoadedEditorAssemblies (13ms)
			BeforeProcessingInitializeOnLoad (252ms)
			ProcessInitializeOnLoadAttributes (1682ms)
			ProcessInitializeOnLoadMethodAttributes (299ms)
			AfterProcessingInitializeOnLoad (21ms)
			EditorAssembliesLoaded (1ms)
		ExecutionOrderSort2 (0ms)
		AwakeInstancesAfterBackupRestoration (84ms)
Refreshing native plugins compatible for Editor in 5.70 ms, found 6 plugins.
Preloading 1 native plugins for Editor in 2.73 ms.
Unloading 31 Unused Serialized files (Serialized files now loaded: 0)
Unloading 6420 unused Assets / (6.2 MB). Loaded Objects now: 7242.
Memory consumption went from 186.4 MB to 180.2 MB.
Total: 26.691700 ms (FindLiveObjects: 1.778000 ms CreateObjectMapping: 1.794700 ms MarkObjects: 12.872300 ms  DeleteObjects: 10.242700 ms)

Prepare: number of updated asset objects reloaded= 0
========================================================================
Received Prepare
Begin MonoManager ReloadAssembly
Symbol file LoadedFromMemory doesn't match image C:\Users\hangu\OneDrive\문서\GitHub\VR_Cooking2\VRProject_1\Library\PackageCache\com.unity.visualscripting@1.8.0\Editor\VisualScripting.Core\Dependencies\YamlDotNet\Unity.VisualScripting.YamlDotNet.dll
Symbol file LoadedFromMemory doesn't match image C:\Users\hangu\OneDrive\문서\GitHub\VR_Cooking2\VRProject_1\Library\PackageCache\com.unity.visualscripting@1.8.0\Editor\VisualScripting.Core\Dependencies\DotNetZip\Unity.VisualScripting.IonicZip.dll
- Loaded All Assemblies, in  9.166 seconds
Refreshing native plugins compatible for Editor in 32.55 ms, found 6 plugins.
Native extension for WindowsStandalone target not found
[MODES] ModeService[none].Initialize
[MODES] ModeService[none].LoadModes
[MODES] Loading mode Default (0) for mode-current-id-VRProject_1
[Package Manager] Failed to launch server process. Reason: Unity was launched with the -noUpm command-line argument
[Package Manager] Unable to send message (not connected to server process).
[Package Manager] Cannot connect to Unity Package Manager local server
System.Reflection.TargetInvocationException: Exception has been thrown by the target of an invocation. ---> System.NullReferenceException: Object reference not set to an instance of an object
  at Unity.XR.Oculus.OculusLoader.AssetPathToAbsolutePath (System.String assetPath) [0x0003d] in .\Library\PackageCache\com.unity.xr.oculus@4.2.0\Runtime\OculusLoader.cs:298 
  at Unity.XR.Oculus.OculusLoader.EditorLoadOVRPlugin () [0x0008c] in .\Library\PackageCache\com.unity.xr.oculus@4.2.0\Runtime\OculusLoader.cs:283 
  at (wrapper managed-to-native) System.Reflection.RuntimeMethodInfo.InternalInvoke(System.Reflection.RuntimeMethodInfo,object,object[],System.Exception&)
  at System.Reflection.RuntimeMethodInfo.Invoke (System.Object obj, System.Reflection.BindingFlags invokeAttr, System.Reflection.Binder binder, System.Object[] parameters, System.Globalization.CultureInfo culture) [0x0006a] in <ecf276dcb8654fa5bed2c5ea1a4ad870>:0 
   --- End of inner exception stack trace ---
  at System.Reflection.RuntimeMethodInfo.Invoke (System.Object obj, System.Reflection.BindingFlags invokeAttr, System.Reflection.Binder binder, System.Object[] parameters, System.Globalization.CultureInfo culture) [0x00083] in <ecf276dcb8654fa5bed2c5ea1a4ad870>:0 
  at System.Reflection.MethodBase.Invoke (System.Object obj, System.Object[] parameters) [0x00000] in <ecf276dcb8654fa5bed2c5ea1a4ad870>:0 
  at UnityEditor.EditorAssemblies.ProcessInitializeOnLoadMethodAttributes () [0x00056] in <8f5ff83e453e49179847370b820a0398>:0 
UnityEngine.Debug:ExtractStackTraceNoAlloc (byte*,int,string)
UnityEngine.StackTraceUtility:ExtractStackTrace ()
UnityEngine.DebugLogHandler:Internal_Log (UnityEngine.LogType,UnityEngine.LogOption,string,UnityEngine.Object)
UnityEngine.DebugLogHandler:LogFormat (UnityEngine.LogType,UnityEngine.Object,string,object[])
UnityEngine.Logger:Log (UnityEngine.LogType,object)
UnityEngine.Debug:LogError (object)
UnityEditor.EditorAssemblies:ProcessInitializeOnLoadMethodAttributes ()

Error saving file Library/StateCache/LayerSettings/9e/9ecc5c3c162a7aba29bafa64c8b94b7c.json. Error: System.IO.IOException: Sharing violation on path C:\Users\hangu\OneDrive\문서\GitHub\VR_Cooking2\VRProject_1\Library\StateCache\LayerSettings\9e\9ecc5c3c162a7aba29bafa64c8b94b7c.json
  at System.IO.FileStream..ctor (System.String path, System.IO.FileMode mode, System.IO.FileAccess access, System.IO.FileShare share, System.Int32 bufferSize, System.Boolean anonymous, System.IO.FileOptions options) [0x0019e] in <ecf276dcb8654fa5bed2c5ea1a4ad870>:0 
  at System.IO.FileStream..ctor (System.String path, System.IO.FileMode mode, System.IO.FileAccess access, System.IO.FileShare share, System.Int32 bufferSize, System.IO.FileOptions options) [0x00000] in <ecf276dcb8654fa5bed2c5ea1a4ad870>:0 
  at (wrapper remoting-invoke-with-check) System.IO.FileStream..ctor(string,System.IO.FileMode,System.IO.FileAccess,System.IO.FileShare,int,System.IO.FileOptions)
  at System.IO.StreamWriter..ctor (System.String path, System.Boolean append, System.Text.Encoding encoding, System.Int32 bufferSize) [0x00055] in <ecf276dcb8654fa5bed2c5ea1a4ad870>:0 
  at System.IO.StreamWriter..ctor (System.String path, System.Boolean append, System.Text.Encoding encoding) [0x00000] in <ecf276dcb8654fa5bed2c5ea1a4ad870>:0 
  at (wrapper remoting-invoke-with-check) System.IO.StreamWriter..ctor(string,bool,System.Text.Encoding)
  at System.IO.File.WriteAllText (System.String path, System.String contents, System.Text.Encoding encoding) [0x00034] in <ecf276dcb8654fa5bed2c5ea1a4ad870>:0 
  at UnityEditor.StateCache`1[T].SetState (UnityEngine.Hash128 key, T obj) [0x0004b] in <8f5ff83e453e49179847370b820a0398>:0 
UnityEngine.Debug:ExtractStackTraceNoAlloc (byte*,int,string)
UnityEngine.StackTraceUtility:ExtractStackTrace ()
UnityEngine.DebugLogHandler:Internal_Log (UnityEngine.LogType,UnityEngine.LogOption,string,UnityEngine.Object)
UnityEngine.DebugLogHandler:LogFormat (UnityEngine.LogType,UnityEngine.Object,string,object[])
UnityEngine.Logger:Log (UnityEngine.LogType,object)
UnityEngine.Debug:LogError (object)
UnityEditor.StateCache`1<UnityEditor.Tools/LayerSettings>:SetState (UnityEngine.Hash128,UnityEditor.Tools/LayerSettings)
UnityEditor.Tools:set_lockedLayers (int)
UnityEditor.Tools:OnEnable ()

Mono: successfully reloaded assembly
[Package Manager] Failed to launch server process. Reason: Unity was launched with the -noUpm command-line argument
[Package Manager] Unable to send message (not connected to server process).
[Package Manager] Cannot connect to Unity Package Manager local server
- Finished resetting the current domain, in  5.697 seconds
Domain Reload Profiling: 14854ms
	BeginReloadAssembly (3283ms)
		ExecutionOrderSort (0ms)
		DisableScriptedObjects (132ms)
		BackupInstance (0ms)
		ReleaseScriptingObjects (8ms)
		CreateAndSetChildDomain (1427ms)
	RebuildCommonClasses (262ms)
	RebuildNativeTypeToScriptingClass (95ms)
	initialDomainReloadingComplete (254ms)
	LoadAllAssembliesAndSetupDomain (5261ms)
		LoadAssemblies (4409ms)
		RebuildTransferFunctionScriptingTraits (0ms)
		AnalyzeDomain (1960ms)
			TypeCache.Refresh (202ms)
				TypeCache.ScanAssembly (0ms)
			BuildScriptInfoCaches (1641ms)
			ResolveRequiredComponents (72ms)
	FinalizeReload (5700ms)
		ReleaseScriptCaches (0ms)
		RebuildScriptCaches (0ms)
		SetupLoadedEditorAssemblies (4151ms)
			LogAssemblyErrors (0ms)
			InitializePlatformSupportModulesInManaged (16ms)
			SetLoadedEditorAssemblies (27ms)
			BeforeProcessingInitializeOnLoad (357ms)
			ProcessInitializeOnLoadAttributes (2736ms)
			ProcessInitializeOnLoadMethodAttributes (957ms)
			AfterProcessingInitializeOnLoad (57ms)
			EditorAssembliesLoaded (3ms)
		ExecutionOrderSort2 (0ms)
		AwakeInstancesAfterBackupRestoration (177ms)
Refreshing native plugins compatible for Editor in 18.80 ms, found 6 plugins.
Preloading 1 native plugins for Editor in 4.48 ms.
Unloading 31 Unused Serialized files (Serialized files now loaded: 0)
Unloading 6420 unused Assets / (5.7 MB). Loaded Objects now: 7244.
Memory consumption went from 188.4 MB to 182.7 MB.
Total: 47.003500 ms (FindLiveObjects: 2.423400 ms CreateObjectMapping: 4.880900 ms MarkObjects: 26.057700 ms  DeleteObjects: 13.634300 ms)

Prepare: number of updated asset objects reloaded= 0
========================================================================
Received Prepare
Begin MonoManager ReloadAssembly
Symbol file LoadedFromMemory doesn't match image C:\Users\hangu\OneDrive\문서\GitHub\VR_Cooking2\VRProject_1\Library\PackageCache\com.unity.visualscripting@1.8.0\Editor\VisualScripting.Core\Dependencies\YamlDotNet\Unity.VisualScripting.YamlDotNet.dll
Symbol file LoadedFromMemory doesn't match image C:\Users\hangu\OneDrive\문서\GitHub\VR_Cooking2\VRProject_1\Library\PackageCache\com.unity.visualscripting@1.8.0\Editor\VisualScripting.Core\Dependencies\DotNetZip\Unity.VisualScripting.IonicZip.dll
- Loaded All Assemblies, in 10.325 seconds
Refreshing native plugins compatible for Editor in 17.63 ms, found 6 plugins.
Native extension for WindowsStandalone target not found
[MODES] ModeService[none].Initialize
[MODES] ModeService[none].LoadModes
[MODES] Loading mode Default (0) for mode-current-id-VRProject_1
[Package Manager] Failed to launch server process. Reason: Unity was launched with the -noUpm command-line argument
[Package Manager] Unable to send message (not connected to server process).
[Package Manager] Cannot connect to Unity Package Manager local server
System.Reflection.TargetInvocationException: Exception has been thrown by the target of an invocation. ---> System.NullReferenceException: Object reference not set to an instance of an object
  at Unity.XR.Oculus.OculusLoader.AssetPathToAbsolutePath (System.String assetPath) [0x0003d] in .\Library\PackageCache\com.unity.xr.oculus@4.2.0\Runtime\OculusLoader.cs:298 
  at Unity.XR.Oculus.OculusLoader.EditorLoadOVRPlugin () [0x0008c] in .\Library\PackageCache\com.unity.xr.oculus@4.2.0\Runtime\OculusLoader.cs:283 
  at (wrapper managed-to-native) System.Reflection.RuntimeMethodInfo.InternalInvoke(System.Reflection.RuntimeMethodInfo,object,object[],System.Exception&)
  at System.Reflection.RuntimeMethodInfo.Invoke (System.Object obj, System.Reflection.BindingFlags invokeAttr, System.Reflection.Binder binder, System.Object[] parameters, System.Globalization.CultureInfo culture) [0x0006a] in <ecf276dcb8654fa5bed2c5ea1a4ad870>:0 
   --- End of inner exception stack trace ---
  at System.Reflection.RuntimeMethodInfo.Invoke (System.Object obj, System.Reflection.BindingFlags invokeAttr, System.Reflection.Binder binder, System.Object[] parameters, System.Globalization.CultureInfo culture) [0x00083] in <ecf276dcb8654fa5bed2c5ea1a4ad870>:0 
  at System.Reflection.MethodBase.Invoke (System.Object obj, System.Object[] parameters) [0x00000] in <ecf276dcb8654fa5bed2c5ea1a4ad870>:0 
  at UnityEditor.EditorAssemblies.ProcessInitializeOnLoadMethodAttributes () [0x00056] in <8f5ff83e453e49179847370b820a0398>:0 
UnityEngine.Debug:ExtractStackTraceNoAlloc (byte*,int,string)
UnityEngine.StackTraceUtility:ExtractStackTrace ()
UnityEngine.DebugLogHandler:Internal_Log (UnityEngine.LogType,UnityEngine.LogOption,string,UnityEngine.Object)
UnityEngine.DebugLogHandler:LogFormat (UnityEngine.LogType,UnityEngine.Object,string,object[])
UnityEngine.Logger:Log (UnityEngine.LogType,object)
UnityEngine.Debug:LogError (object)
UnityEditor.EditorAssemblies:ProcessInitializeOnLoadMethodAttributes ()

Mono: successfully reloaded assembly
[Package Manager] Failed to launch server process. Reason: Unity was launched with the -noUpm command-line argument
[Package Manager] Unable to send message (not connected to server process).
[Package Manager] Cannot connect to Unity Package Manager local server
- Finished resetting the current domain, in  5.005 seconds
Domain Reload Profiling: 15354ms
	BeginReloadAssembly (4120ms)
		ExecutionOrderSort (0ms)
		DisableScriptedObjects (244ms)
		BackupInstance (0ms)
		ReleaseScriptingObjects (9ms)
		CreateAndSetChildDomain (1516ms)
	RebuildCommonClasses (294ms)
	RebuildNativeTypeToScriptingClass (91ms)
	initialDomainReloadingComplete (212ms)
	LoadAllAssembliesAndSetupDomain (5630ms)
		LoadAssemblies (5324ms)
		RebuildTransferFunctionScriptingTraits (0ms)
		AnalyzeDomain (1849ms)
			TypeCache.Refresh (144ms)
				TypeCache.ScanAssembly (5ms)
			BuildScriptInfoCaches (1565ms)
			ResolveRequiredComponents (84ms)
	FinalizeReload (5007ms)
		ReleaseScriptCaches (0ms)
		RebuildScriptCaches (0ms)
		SetupLoadedEditorAssemblies (3580ms)
			LogAssemblyErrors (0ms)
			InitializePlatformSupportModulesInManaged (8ms)
			SetLoadedEditorAssemblies (13ms)
			BeforeProcessingInitializeOnLoad (516ms)
			ProcessInitializeOnLoadAttributes (2578ms)
			ProcessInitializeOnLoadMethodAttributes (434ms)
			AfterProcessingInitializeOnLoad (29ms)
			EditorAssembliesLoaded (2ms)
		ExecutionOrderSort2 (0ms)
		AwakeInstancesAfterBackupRestoration (152ms)
Refreshing native plugins compatible for Editor in 16.50 ms, found 6 plugins.
Preloading 1 native plugins for Editor in 1.43 ms.
Unloading 31 Unused Serialized files (Serialized files now loaded: 0)
Unloading 6420 unused Assets / (4.9 MB). Loaded Objects now: 7246.
Memory consumption went from 190.3 MB to 185.4 MB.
Total: 48.255500 ms (FindLiveObjects: 2.265600 ms CreateObjectMapping: 2.199700 ms MarkObjects: 30.755700 ms  DeleteObjects: 13.025700 ms)

Prepare: number of updated asset objects reloaded= 0
========================================================================
Received Prepare
Begin MonoManager ReloadAssembly
Symbol file LoadedFromMemory doesn't match image C:\Users\hangu\OneDrive\문서\GitHub\VR_Cooking2\VRProject_1\Library\PackageCache\com.unity.visualscripting@1.8.0\Editor\VisualScripting.Core\Dependencies\YamlDotNet\Unity.VisualScripting.YamlDotNet.dll
Symbol file LoadedFromMemory doesn't match image C:\Users\hangu\OneDrive\문서\GitHub\VR_Cooking2\VRProject_1\Library\PackageCache\com.unity.visualscripting@1.8.0\Editor\VisualScripting.Core\Dependencies\DotNetZip\Unity.VisualScripting.IonicZip.dll
- Loaded All Assemblies, in  2.929 seconds
Refreshing native plugins compatible for Editor in 19.66 ms, found 6 plugins.
Native extension for WindowsStandalone target not found
[MODES] ModeService[none].Initialize
[MODES] ModeService[none].LoadModes
[MODES] Loading mode Default (0) for mode-current-id-VRProject_1
[Package Manager] Failed to launch server process. Reason: Unity was launched with the -noUpm command-line argument
[Package Manager] Unable to send message (not connected to server process).
[Package Manager] Cannot connect to Unity Package Manager local server
System.Reflection.TargetInvocationException: Exception has been thrown by the target of an invocation. ---> System.NullReferenceException: Object reference not set to an instance of an object
  at Unity.XR.Oculus.OculusLoader.AssetPathToAbsolutePath (System.String assetPath) [0x0003d] in .\Library\PackageCache\com.unity.xr.oculus@4.2.0\Runtime\OculusLoader.cs:298 
  at Unity.XR.Oculus.OculusLoader.EditorLoadOVRPlugin () [0x0008c] in .\Library\PackageCache\com.unity.xr.oculus@4.2.0\Runtime\OculusLoader.cs:283 
  at (wrapper managed-to-native) System.Reflection.RuntimeMethodInfo.InternalInvoke(System.Reflection.RuntimeMethodInfo,object,object[],System.Exception&)
  at System.Reflection.RuntimeMethodInfo.Invoke (System.Object obj, System.Reflection.BindingFlags invokeAttr, System.Reflection.Binder binder, System.Object[] parameters, System.Globalization.CultureInfo culture) [0x0006a] in <ecf276dcb8654fa5bed2c5ea1a4ad870>:0 
   --- End of inner exception stack trace ---
  at System.Reflection.RuntimeMethodInfo.Invoke (System.Object obj, System.Reflection.BindingFlags invokeAttr, System.Reflection.Binder binder, System.Object[] parameters, System.Globalization.CultureInfo culture) [0x00083] in <ecf276dcb8654fa5bed2c5ea1a4ad870>:0 
  at System.Reflection.MethodBase.Invoke (System.Object obj, System.Object[] parameters) [0x00000] in <ecf276dcb8654fa5bed2c5ea1a4ad870>:0 
  at UnityEditor.EditorAssemblies.ProcessInitializeOnLoadMethodAttributes () [0x00056] in <8f5ff83e453e49179847370b820a0398>:0 
UnityEngine.Debug:ExtractStackTraceNoAlloc (byte*,int,string)
UnityEngine.StackTraceUtility:ExtractStackTrace ()
UnityEngine.DebugLogHandler:Internal_Log (UnityEngine.LogType,UnityEngine.LogOption,string,UnityEngine.Object)
UnityEngine.DebugLogHandler:LogFormat (UnityEngine.LogType,UnityEngine.Object,string,object[])
UnityEngine.Logger:Log (UnityEngine.LogType,object)
UnityEngine.Debug:LogError (object)
UnityEditor.EditorAssemblies:ProcessInitializeOnLoadMethodAttributes ()

Mono: successfully reloaded assembly
[Package Manager] Failed to launch server process. Reason: Unity was launched with the -noUpm command-line argument
[Package Manager] Unable to send message (not connected to server process).
[Package Manager] Cannot connect to Unity Package Manager local server
- Finished resetting the current domain, in  5.996 seconds
Domain Reload Profiling: 8924ms
	BeginReloadAssembly (718ms)
		ExecutionOrderSort (0ms)
		DisableScriptedObjects (19ms)
		BackupInstance (0ms)
		ReleaseScriptingObjects (1ms)
		CreateAndSetChildDomain (152ms)
	RebuildCommonClasses (170ms)
	RebuildNativeTypeToScriptingClass (68ms)
	initialDomainReloadingComplete (129ms)
	LoadAllAssembliesAndSetupDomain (1838ms)
		LoadAssemblies (1413ms)
		RebuildTransferFunctionScriptingTraits (0ms)
		AnalyzeDomain (842ms)
			TypeCache.Refresh (26ms)
				TypeCache.ScanAssembly (0ms)
			BuildScriptInfoCaches (742ms)
			ResolveRequiredComponents (63ms)
	FinalizeReload (6001ms)
		ReleaseScriptCaches (0ms)
		RebuildScriptCaches (0ms)
		SetupLoadedEditorAssemblies (4474ms)
			LogAssemblyErrors (0ms)
			InitializePlatformSupportModulesInManaged (31ms)
			SetLoadedEditorAssemblies (39ms)
			BeforeProcessingInitializeOnLoad (715ms)
			ProcessInitializeOnLoadAttributes (3158ms)
			ProcessInitializeOnLoadMethodAttributes (480ms)
			AfterProcessingInitializeOnLoad (49ms)
			EditorAssembliesLoaded (1ms)
		ExecutionOrderSort2 (0ms)
		AwakeInstancesAfterBackupRestoration (212ms)
Refreshing native plugins compatible for Editor in 15.17 ms, found 6 plugins.
Preloading 1 native plugins for Editor in 0.54 ms.
Unloading 31 Unused Serialized files (Serialized files now loaded: 0)
Unloading 6420 unused Assets / (5.9 MB). Loaded Objects now: 7248.
Memory consumption went from 192.2 MB to 186.3 MB.
Total: 45.552000 ms (FindLiveObjects: 3.333200 ms CreateObjectMapping: 2.021800 ms MarkObjects: 25.726600 ms  DeleteObjects: 14.464200 ms)

Prepare: number of updated asset objects reloaded= 0
========================================================================
Received Prepare
Begin MonoManager ReloadAssembly
Symbol file LoadedFromMemory doesn't match image C:\Users\hangu\OneDrive\문서\GitHub\VR_Cooking2\VRProject_1\Library\PackageCache\com.unity.visualscripting@1.8.0\Editor\VisualScripting.Core\Dependencies\YamlDotNet\Unity.VisualScripting.YamlDotNet.dll
Symbol file LoadedFromMemory doesn't match image C:\Users\hangu\OneDrive\문서\GitHub\VR_Cooking2\VRProject_1\Library\PackageCache\com.unity.visualscripting@1.8.0\Editor\VisualScripting.Core\Dependencies\DotNetZip\Unity.VisualScripting.IonicZip.dll
- Loaded All Assemblies, in  7.019 seconds
Refreshing native plugins compatible for Editor in 24.15 ms, found 6 plugins.
Native extension for WindowsStandalone target not found
[MODES] ModeService[none].Initialize
[MODES] ModeService[none].LoadModes
[MODES] Loading mode Default (0) for mode-current-id-VRProject_1
[Package Manager] Failed to launch server process. Reason: Unity was launched with the -noUpm command-line argument
[Package Manager] Unable to send message (not connected to server process).
[Package Manager] Cannot connect to Unity Package Manager local server
System.Reflection.TargetInvocationException: Exception has been thrown by the target of an invocation. ---> System.NullReferenceException: Object reference not set to an instance of an object
  at Unity.XR.Oculus.OculusLoader.AssetPathToAbsolutePath (System.String assetPath) [0x0003d] in .\Library\PackageCache\com.unity.xr.oculus@4.2.0\Runtime\OculusLoader.cs:298 
  at Unity.XR.Oculus.OculusLoader.EditorLoadOVRPlugin () [0x0008c] in .\Library\PackageCache\com.unity.xr.oculus@4.2.0\Runtime\OculusLoader.cs:283 
  at (wrapper managed-to-native) System.Reflection.RuntimeMethodInfo.InternalInvoke(System.Reflection.RuntimeMethodInfo,object,object[],System.Exception&)
  at System.Reflection.RuntimeMethodInfo.Invoke (System.Object obj, System.Reflection.BindingFlags invokeAttr, System.Reflection.Binder binder, System.Object[] parameters, System.Globalization.CultureInfo culture) [0x0006a] in <ecf276dcb8654fa5bed2c5ea1a4ad870>:0 
   --- End of inner exception stack trace ---
  at System.Reflection.RuntimeMethodInfo.Invoke (System.Object obj, System.Reflection.BindingFlags invokeAttr, System.Reflection.Binder binder, System.Object[] parameters, System.Globalization.CultureInfo culture) [0x00083] in <ecf276dcb8654fa5bed2c5ea1a4ad870>:0 
  at System.Reflection.MethodBase.Invoke (System.Object obj, System.Object[] parameters) [0x00000] in <ecf276dcb8654fa5bed2c5ea1a4ad870>:0 
  at UnityEditor.EditorAssemblies.ProcessInitializeOnLoadMethodAttributes () [0x00056] in <8f5ff83e453e49179847370b820a0398>:0 
UnityEngine.Debug:ExtractStackTraceNoAlloc (byte*,int,string)
UnityEngine.StackTraceUtility:ExtractStackTrace ()
UnityEngine.DebugLogHandler:Internal_Log (UnityEngine.LogType,UnityEngine.LogOption,string,UnityEngine.Object)
UnityEngine.DebugLogHandler:LogFormat (UnityEngine.LogType,UnityEngine.Object,string,object[])
UnityEngine.Logger:Log (UnityEngine.LogType,object)
UnityEngine.Debug:LogError (object)
UnityEditor.EditorAssemblies:ProcessInitializeOnLoadMethodAttributes ()

Mono: successfully reloaded assembly
[Package Manager] Failed to launch server process. Reason: Unity was launched with the -noUpm command-line argument
[Package Manager] Unable to send message (not connected to server process).
[Package Manager] Cannot connect to Unity Package Manager local server
- Finished resetting the current domain, in  5.882 seconds
Domain Reload Profiling: 12908ms
	BeginReloadAssembly (1354ms)
		ExecutionOrderSort (0ms)
		DisableScriptedObjects (90ms)
		BackupInstance (0ms)
		ReleaseScriptingObjects (2ms)
		CreateAndSetChildDomain (389ms)
	RebuildCommonClasses (471ms)
	RebuildNativeTypeToScriptingClass (77ms)
	initialDomainReloadingComplete (165ms)
	LoadAllAssembliesAndSetupDomain (4953ms)
		LoadAssemblies (3721ms)
		RebuildTransferFunctionScriptingTraits (0ms)
		AnalyzeDomain (1792ms)
			TypeCache.Refresh (66ms)
				TypeCache.ScanAssembly (0ms)
			BuildScriptInfoCaches (1581ms)
			ResolveRequiredComponents (89ms)
	FinalizeReload (5887ms)
		ReleaseScriptCaches (0ms)
		RebuildScriptCaches (0ms)
		SetupLoadedEditorAssemblies (4148ms)
			LogAssemblyErrors (0ms)
			InitializePlatformSupportModulesInManaged (17ms)
			SetLoadedEditorAssemblies (38ms)
			BeforeProcessingInitializeOnLoad (521ms)
			ProcessInitializeOnLoadAttributes (2852ms)
			ProcessInitializeOnLoadMethodAttributes (694ms)
			AfterProcessingInitializeOnLoad (23ms)
			EditorAssembliesLoaded (3ms)
		ExecutionOrderSort2 (0ms)
		AwakeInstancesAfterBackupRestoration (209ms)
Refreshing native plugins compatible for Editor in 10.28 ms, found 6 plugins.
Preloading 1 native plugins for Editor in 7.27 ms.
Unloading 31 Unused Serialized files (Serialized files now loaded: 0)
Unloading 6420 unused Assets / (5.2 MB). Loaded Objects now: 7250.
Memory consumption went from 194.2 MB to 189.0 MB.
Total: 50.888600 ms (FindLiveObjects: 7.217400 ms CreateObjectMapping: 2.477800 ms MarkObjects: 28.815000 ms  DeleteObjects: 12.369900 ms)

Prepare: number of updated asset objects reloaded= 0
========================================================================
Received Prepare
Begin MonoManager ReloadAssembly
Symbol file LoadedFromMemory doesn't match image C:\Users\hangu\OneDrive\문서\GitHub\VR_Cooking2\VRProject_1\Library\PackageCache\com.unity.visualscripting@1.8.0\Editor\VisualScripting.Core\Dependencies\YamlDotNet\Unity.VisualScripting.YamlDotNet.dll
Symbol file LoadedFromMemory doesn't match image C:\Users\hangu\OneDrive\문서\GitHub\VR_Cooking2\VRProject_1\Library\PackageCache\com.unity.visualscripting@1.8.0\Editor\VisualScripting.Core\Dependencies\DotNetZip\Unity.VisualScripting.IonicZip.dll
- Loaded All Assemblies, in  5.017 seconds
Refreshing native plugins compatible for Editor in 13.08 ms, found 6 plugins.
Native extension for WindowsStandalone target not found
[MODES] ModeService[none].Initialize
[MODES] ModeService[none].LoadModes
[MODES] Loading mode Default (0) for mode-current-id-VRProject_1
[Package Manager] Failed to launch server process. Reason: Unity was launched with the -noUpm command-line argument
[Package Manager] Unable to send message (not connected to server process).
[Package Manager] Cannot connect to Unity Package Manager local server
System.Reflection.TargetInvocationException: Exception has been thrown by the target of an invocation. ---> System.NullReferenceException: Object reference not set to an instance of an object
  at Unity.XR.Oculus.OculusLoader.AssetPathToAbsolutePath (System.String assetPath) [0x0003d] in .\Library\PackageCache\com.unity.xr.oculus@4.2.0\Runtime\OculusLoader.cs:298 
  at Unity.XR.Oculus.OculusLoader.EditorLoadOVRPlugin () [0x0008c] in .\Library\PackageCache\com.unity.xr.oculus@4.2.0\Runtime\OculusLoader.cs:283 
  at (wrapper managed-to-native) System.Reflection.RuntimeMethodInfo.InternalInvoke(System.Reflection.RuntimeMethodInfo,object,object[],System.Exception&)
  at System.Reflection.RuntimeMethodInfo.Invoke (System.Object obj, System.Reflection.BindingFlags invokeAttr, System.Reflection.Binder binder, System.Object[] parameters, System.Globalization.CultureInfo culture) [0x0006a] in <ecf276dcb8654fa5bed2c5ea1a4ad870>:0 
   --- End of inner exception stack trace ---
  at System.Reflection.RuntimeMethodInfo.Invoke (System.Object obj, System.Reflection.BindingFlags invokeAttr, System.Reflection.Binder binder, System.Object[] parameters, System.Globalization.CultureInfo culture) [0x00083] in <ecf276dcb8654fa5bed2c5ea1a4ad870>:0 
  at System.Reflection.MethodBase.Invoke (System.Object obj, System.Object[] parameters) [0x00000] in <ecf276dcb8654fa5bed2c5ea1a4ad870>:0 
  at UnityEditor.EditorAssemblies.ProcessInitializeOnLoadMethodAttributes () [0x00056] in <8f5ff83e453e49179847370b820a0398>:0 
UnityEngine.Debug:ExtractStackTraceNoAlloc (byte*,int,string)
UnityEngine.StackTraceUtility:ExtractStackTrace ()
UnityEngine.DebugLogHandler:Internal_Log (UnityEngine.LogType,UnityEngine.LogOption,string,UnityEngine.Object)
UnityEngine.DebugLogHandler:LogFormat (UnityEngine.LogType,UnityEngine.Object,string,object[])
UnityEngine.Logger:Log (UnityEngine.LogType,object)
UnityEngine.Debug:LogError (object)
UnityEditor.EditorAssemblies:ProcessInitializeOnLoadMethodAttributes ()

Mono: successfully reloaded assembly
[Package Manager] Failed to launch server process. Reason: Unity was launched with the -noUpm command-line argument
[Package Manager] Unable to send message (not connected to server process).
[Package Manager] Cannot connect to Unity Package Manager local server
- Finished resetting the current domain, in  6.472 seconds
Domain Reload Profiling: 11492ms
	BeginReloadAssembly (956ms)
		ExecutionOrderSort (0ms)
		DisableScriptedObjects (40ms)
		BackupInstance (0ms)
		ReleaseScriptingObjects (3ms)
		CreateAndSetChildDomain (294ms)
	RebuildCommonClasses (158ms)
	RebuildNativeTypeToScriptingClass (67ms)
	initialDomainReloadingComplete (116ms)
	LoadAllAssembliesAndSetupDomain (3718ms)
		LoadAssemblies (2984ms)
		RebuildTransferFunctionScriptingTraits (0ms)
		AnalyzeDomain (1145ms)
			TypeCache.Refresh (28ms)
				TypeCache.ScanAssembly (0ms)
			BuildScriptInfoCaches (1038ms)
			ResolveRequiredComponents (62ms)
	FinalizeReload (6476ms)
		ReleaseScriptCaches (0ms)
		RebuildScriptCaches (0ms)
		SetupLoadedEditorAssemblies (5108ms)
			LogAssemblyErrors (0ms)
			InitializePlatformSupportModulesInManaged (20ms)
			SetLoadedEditorAssemblies (34ms)
			BeforeProcessingInitializeOnLoad (1135ms)
			ProcessInitializeOnLoadAttributes (3335ms)
			ProcessInitializeOnLoadMethodAttributes (556ms)
			AfterProcessingInitializeOnLoad (26ms)
			EditorAssembliesLoaded (1ms)
		ExecutionOrderSort2 (0ms)
		AwakeInstancesAfterBackupRestoration (145ms)
Refreshing native plugins compatible for Editor in 17.55 ms, found 6 plugins.
Preloading 1 native plugins for Editor in 9.76 ms.
Unloading 31 Unused Serialized files (Serialized files now loaded: 0)
Unloading 6420 unused Assets / (5.7 MB). Loaded Objects now: 7252.
Memory consumption went from 196.1 MB to 190.4 MB.
Total: 32.784700 ms (FindLiveObjects: 2.824500 ms CreateObjectMapping: 1.977800 ms MarkObjects: 17.507900 ms  DeleteObjects: 10.468600 ms)

Prepare: number of updated asset objects reloaded= 0
========================================================================
Received Prepare
Refreshing native plugins compatible for Editor in 6.28 ms, found 6 plugins.
Preloading 1 native plugins for Editor in 0.19 ms.
Unloading 31 Unused Serialized files (Serialized files now loaded: 0)
Unloading 6412 unused Assets / (8.2 MB). Loaded Objects now: 7243.
Memory consumption went from 196.6 MB to 188.4 MB.
Total: 37.804700 ms (FindLiveObjects: 1.223900 ms CreateObjectMapping: 1.543500 ms MarkObjects: 21.243400 ms  DeleteObjects: 13.790100 ms)

Prepare: number of updated asset objects reloaded= 0
========================================================================
Received Prepare
Begin MonoManager ReloadAssembly
Symbol file LoadedFromMemory doesn't match image C:\Users\hangu\OneDrive\문서\GitHub\VR_Cooking2\VRProject_1\Library\PackageCache\com.unity.visualscripting@1.8.0\Editor\VisualScripting.Core\Dependencies\YamlDotNet\Unity.VisualScripting.YamlDotNet.dll
Symbol file LoadedFromMemory doesn't match image C:\Users\hangu\OneDrive\문서\GitHub\VR_Cooking2\VRProject_1\Library\PackageCache\com.unity.visualscripting@1.8.0\Editor\VisualScripting.Core\Dependencies\DotNetZip\Unity.VisualScripting.IonicZip.dll
- Loaded All Assemblies, in  6.696 seconds
Refreshing native plugins compatible for Editor in 20.55 ms, found 6 plugins.
Native extension for WindowsStandalone target not found
[MODES] ModeService[none].Initialize
[MODES] ModeService[none].LoadModes
[MODES] Loading mode Default (0) for mode-current-id-VRProject_1
[Package Manager] Failed to launch server process. Reason: Unity was launched with the -noUpm command-line argument
[Package Manager] Unable to send message (not connected to server process).
[Package Manager] Cannot connect to Unity Package Manager local server
System.Reflection.TargetInvocationException: Exception has been thrown by the target of an invocation. ---> System.NullReferenceException: Object reference not set to an instance of an object
  at Unity.XR.Oculus.OculusLoader.AssetPathToAbsolutePath (System.String assetPath) [0x0003d] in .\Library\PackageCache\com.unity.xr.oculus@4.2.0\Runtime\OculusLoader.cs:298 
  at Unity.XR.Oculus.OculusLoader.EditorLoadOVRPlugin () [0x0008c] in .\Library\PackageCache\com.unity.xr.oculus@4.2.0\Runtime\OculusLoader.cs:283 
  at (wrapper managed-to-native) System.Reflection.RuntimeMethodInfo.InternalInvoke(System.Reflection.RuntimeMethodInfo,object,object[],System.Exception&)
  at System.Reflection.RuntimeMethodInfo.Invoke (System.Object obj, System.Reflection.BindingFlags invokeAttr, System.Reflection.Binder binder, System.Object[] parameters, System.Globalization.CultureInfo culture) [0x0006a] in <ecf276dcb8654fa5bed2c5ea1a4ad870>:0 
   --- End of inner exception stack trace ---
  at System.Reflection.RuntimeMethodInfo.Invoke (System.Object obj, System.Reflection.BindingFlags invokeAttr, System.Reflection.Binder binder, System.Object[] parameters, System.Globalization.CultureInfo culture) [0x00083] in <ecf276dcb8654fa5bed2c5ea1a4ad870>:0 
  at System.Reflection.MethodBase.Invoke (System.Object obj, System.Object[] parameters) [0x00000] in <ecf276dcb8654fa5bed2c5ea1a4ad870>:0 
  at UnityEditor.EditorAssemblies.ProcessInitializeOnLoadMethodAttributes () [0x00056] in <8f5ff83e453e49179847370b820a0398>:0 
UnityEngine.Debug:ExtractStackTraceNoAlloc (byte*,int,string)
UnityEngine.StackTraceUtility:ExtractStackTrace ()
UnityEngine.DebugLogHandler:Internal_Log (UnityEngine.LogType,UnityEngine.LogOption,string,UnityEngine.Object)
UnityEngine.DebugLogHandler:LogFormat (UnityEngine.LogType,UnityEngine.Object,string,object[])
UnityEngine.Logger:Log (UnityEngine.LogType,object)
UnityEngine.Debug:LogError (object)
UnityEditor.EditorAssemblies:ProcessInitializeOnLoadMethodAttributes ()

Mono: successfully reloaded assembly
[Package Manager] Failed to launch server process. Reason: Unity was launched with the -noUpm command-line argument
[Package Manager] Unable to send message (not connected to server process).
[Package Manager] Cannot connect to Unity Package Manager local server
- Finished resetting the current domain, in  4.115 seconds
Domain Reload Profiling: 10810ms
	BeginReloadAssembly (2051ms)
		ExecutionOrderSort (0ms)
		DisableScriptedObjects (140ms)
		BackupInstance (0ms)
		ReleaseScriptingObjects (3ms)
		CreateAndSetChildDomain (833ms)
	RebuildCommonClasses (206ms)
	RebuildNativeTypeToScriptingClass (69ms)
	initialDomainReloadingComplete (131ms)
	LoadAllAssembliesAndSetupDomain (4237ms)
		LoadAssemblies (3293ms)
		RebuildTransferFunctionScriptingTraits (0ms)
		AnalyzeDomain (1726ms)
			TypeCache.Refresh (132ms)
				TypeCache.ScanAssembly (5ms)
			BuildScriptInfoCaches (1448ms)
			ResolveRequiredComponents (81ms)
	FinalizeReload (4118ms)
		ReleaseScriptCaches (0ms)
		RebuildScriptCaches (0ms)
		SetupLoadedEditorAssemblies (2899ms)
			LogAssemblyErrors (0ms)
			InitializePlatformSupportModulesInManaged (12ms)
			SetLoadedEditorAssemblies (22ms)
			BeforeProcessingInitializeOnLoad (427ms)
			ProcessInitializeOnLoadAttributes (2086ms)
			ProcessInitializeOnLoadMethodAttributes (334ms)
			AfterProcessingInitializeOnLoad (16ms)
			EditorAssembliesLoaded (1ms)
		ExecutionOrderSort2 (0ms)
		AwakeInstancesAfterBackupRestoration (99ms)
Refreshing native plugins compatible for Editor in 10.23 ms, found 6 plugins.
Preloading 1 native plugins for Editor in 5.64 ms.
Unloading 31 Unused Serialized files (Serialized files now loaded: 0)
Unloading 6420 unused Assets / (7.4 MB). Loaded Objects now: 7254.
Memory consumption went from 198.0 MB to 190.6 MB.
Total: 30.098600 ms (FindLiveObjects: 2.381200 ms CreateObjectMapping: 2.133400 ms MarkObjects: 14.145300 ms  DeleteObjects: 11.434600 ms)

Prepare: number of updated asset objects reloaded= 0
========================================================================
Received Prepare
Begin MonoManager ReloadAssembly
Symbol file LoadedFromMemory doesn't match image C:\Users\hangu\OneDrive\문서\GitHub\VR_Cooking2\VRProject_1\Library\PackageCache\com.unity.visualscripting@1.8.0\Editor\VisualScripting.Core\Dependencies\YamlDotNet\Unity.VisualScripting.YamlDotNet.dll
Symbol file LoadedFromMemory doesn't match image C:\Users\hangu\OneDrive\문서\GitHub\VR_Cooking2\VRProject_1\Library\PackageCache\com.unity.visualscripting@1.8.0\Editor\VisualScripting.Core\Dependencies\DotNetZip\Unity.VisualScripting.IonicZip.dll
- Loaded All Assemblies, in  3.419 seconds
Refreshing native plugins compatible for Editor in 17.92 ms, found 6 plugins.
Native extension for WindowsStandalone target not found
[MODES] ModeService[none].Initialize
[MODES] ModeService[none].LoadModes
[MODES] Loading mode Default (0) for mode-current-id-VRProject_1
[Package Manager] Failed to launch server process. Reason: Unity was launched with the -noUpm command-line argument
[Package Manager] Unable to send message (not connected to server process).
[Package Manager] Cannot connect to Unity Package Manager local server
System.Reflection.TargetInvocationException: Exception has been thrown by the target of an invocation. ---> System.NullReferenceException: Object reference not set to an instance of an object
  at Unity.XR.Oculus.OculusLoader.AssetPathToAbsolutePath (System.String assetPath) [0x0003d] in .\Library\PackageCache\com.unity.xr.oculus@4.2.0\Runtime\OculusLoader.cs:298 
  at Unity.XR.Oculus.OculusLoader.EditorLoadOVRPlugin () [0x0008c] in .\Library\PackageCache\com.unity.xr.oculus@4.2.0\Runtime\OculusLoader.cs:283 
  at (wrapper managed-to-native) System.Reflection.RuntimeMethodInfo.InternalInvoke(System.Reflection.RuntimeMethodInfo,object,object[],System.Exception&)
  at System.Reflection.RuntimeMethodInfo.Invoke (System.Object obj, System.Reflection.BindingFlags invokeAttr, System.Reflection.Binder binder, System.Object[] parameters, System.Globalization.CultureInfo culture) [0x0006a] in <ecf276dcb8654fa5bed2c5ea1a4ad870>:0 
   --- End of inner exception stack trace ---
  at System.Reflection.RuntimeMethodInfo.Invoke (System.Object obj, System.Reflection.BindingFlags invokeAttr, System.Reflection.Binder binder, System.Object[] parameters, System.Globalization.CultureInfo culture) [0x00083] in <ecf276dcb8654fa5bed2c5ea1a4ad870>:0 
  at System.Reflection.MethodBase.Invoke (System.Object obj, System.Object[] parameters) [0x00000] in <ecf276dcb8654fa5bed2c5ea1a4ad870>:0 
  at UnityEditor.EditorAssemblies.ProcessInitializeOnLoadMethodAttributes () [0x00056] in <8f5ff83e453e49179847370b820a0398>:0 
UnityEngine.Debug:ExtractStackTraceNoAlloc (byte*,int,string)
UnityEngine.StackTraceUtility:ExtractStackTrace ()
UnityEngine.DebugLogHandler:Internal_Log (UnityEngine.LogType,UnityEngine.LogOption,string,UnityEngine.Object)
UnityEngine.DebugLogHandler:LogFormat (UnityEngine.LogType,UnityEngine.Object,string,object[])
UnityEngine.Logger:Log (UnityEngine.LogType,object)
UnityEngine.Debug:LogError (object)
UnityEditor.EditorAssemblies:ProcessInitializeOnLoadMethodAttributes ()

Mono: successfully reloaded assembly
[Package Manager] Failed to launch server process. Reason: Unity was launched with the -noUpm command-line argument
[Package Manager] Unable to send message (not connected to server process).
[Package Manager] Cannot connect to Unity Package Manager local server
- Finished resetting the current domain, in  6.007 seconds
Domain Reload Profiling: 9436ms
	BeginReloadAssembly (811ms)
		ExecutionOrderSort (0ms)
		DisableScriptedObjects (29ms)
		BackupInstance (0ms)
		ReleaseScriptingObjects (3ms)
		CreateAndSetChildDomain (169ms)
	RebuildCommonClasses (187ms)
	RebuildNativeTypeToScriptingClass (62ms)
	initialDomainReloadingComplete (112ms)
	LoadAllAssembliesAndSetupDomain (2252ms)
		LoadAssemblies (1927ms)
		RebuildTransferFunctionScriptingTraits (0ms)
		AnalyzeDomain (774ms)
			TypeCache.Refresh (20ms)
				TypeCache.ScanAssembly (0ms)
			BuildScriptInfoCaches (678ms)
			ResolveRequiredComponents (48ms)
	FinalizeReload (6011ms)
		ReleaseScriptCaches (0ms)
		RebuildScriptCaches (0ms)
		SetupLoadedEditorAssemblies (4248ms)
			LogAssemblyErrors (0ms)
			InitializePlatformSupportModulesInManaged (25ms)
			SetLoadedEditorAssemblies (52ms)
			BeforeProcessingInitializeOnLoad (566ms)
			ProcessInitializeOnLoadAttributes (3013ms)
			ProcessInitializeOnLoadMethodAttributes (547ms)
			AfterProcessingInitializeOnLoad (42ms)
			EditorAssembliesLoaded (4ms)
		ExecutionOrderSort2 (0ms)
		AwakeInstancesAfterBackupRestoration (254ms)
Refreshing native plugins compatible for Editor in 12.45 ms, found 6 plugins.
Preloading 1 native plugins for Editor in 0.46 ms.
Unloading 31 Unused Serialized files (Serialized files now loaded: 0)
Unloading 6420 unused Assets / (6.5 MB). Loaded Objects now: 7256.
Memory consumption went from 199.9 MB to 193.4 MB.
Total: 35.561700 ms (FindLiveObjects: 3.190000 ms CreateObjectMapping: 1.746600 ms MarkObjects: 21.453100 ms  DeleteObjects: 9.165000 ms)

Prepare: number of updated asset objects reloaded= 0
========================================================================
Received Prepare
Begin MonoManager ReloadAssembly
Symbol file LoadedFromMemory doesn't match image C:\Users\hangu\OneDrive\문서\GitHub\VR_Cooking2\VRProject_1\Library\PackageCache\com.unity.visualscripting@1.8.0\Editor\VisualScripting.Core\Dependencies\YamlDotNet\Unity.VisualScripting.YamlDotNet.dll
Symbol file LoadedFromMemory doesn't match image C:\Users\hangu\OneDrive\문서\GitHub\VR_Cooking2\VRProject_1\Library\PackageCache\com.unity.visualscripting@1.8.0\Editor\VisualScripting.Core\Dependencies\DotNetZip\Unity.VisualScripting.IonicZip.dll
- Loaded All Assemblies, in  4.121 seconds
Refreshing native plugins compatible for Editor in 18.75 ms, found 6 plugins.
Native extension for WindowsStandalone target not found
[MODES] ModeService[none].Initialize
[MODES] ModeService[none].LoadModes
[MODES] Loading mode Default (0) for mode-current-id-VRProject_1
[Package Manager] Failed to launch server process. Reason: Unity was launched with the -noUpm command-line argument
[Package Manager] Unable to send message (not connected to server process).
[Package Manager] Cannot connect to Unity Package Manager local server
System.Reflection.TargetInvocationException: Exception has been thrown by the target of an invocation. ---> System.NullReferenceException: Object reference not set to an instance of an object
  at Unity.XR.Oculus.OculusLoader.AssetPathToAbsolutePath (System.String assetPath) [0x0003d] in .\Library\PackageCache\com.unity.xr.oculus@4.2.0\Runtime\OculusLoader.cs:298 
  at Unity.XR.Oculus.OculusLoader.EditorLoadOVRPlugin () [0x0008c] in .\Library\PackageCache\com.unity.xr.oculus@4.2.0\Runtime\OculusLoader.cs:283 
  at (wrapper managed-to-native) System.Reflection.RuntimeMethodInfo.InternalInvoke(System.Reflection.RuntimeMethodInfo,object,object[],System.Exception&)
  at System.Reflection.RuntimeMethodInfo.Invoke (System.Object obj, System.Reflection.BindingFlags invokeAttr, System.Reflection.Binder binder, System.Object[] parameters, System.Globalization.CultureInfo culture) [0x0006a] in <ecf276dcb8654fa5bed2c5ea1a4ad870>:0 
   --- End of inner exception stack trace ---
  at System.Reflection.RuntimeMethodInfo.Invoke (System.Object obj, System.Reflection.BindingFlags invokeAttr, System.Reflection.Binder binder, System.Object[] parameters, System.Globalization.CultureInfo culture) [0x00083] in <ecf276dcb8654fa5bed2c5ea1a4ad870>:0 
  at System.Reflection.MethodBase.Invoke (System.Object obj, System.Object[] parameters) [0x00000] in <ecf276dcb8654fa5bed2c5ea1a4ad870>:0 
  at UnityEditor.EditorAssemblies.ProcessInitializeOnLoadMethodAttributes () [0x00056] in <8f5ff83e453e49179847370b820a0398>:0 
UnityEngine.Debug:ExtractStackTraceNoAlloc (byte*,int,string)
UnityEngine.StackTraceUtility:ExtractStackTrace ()
UnityEngine.DebugLogHandler:Internal_Log (UnityEngine.LogType,UnityEngine.LogOption,string,UnityEngine.Object)
UnityEngine.DebugLogHandler:LogFormat (UnityEngine.LogType,UnityEngine.Object,string,object[])
UnityEngine.Logger:Log (UnityEngine.LogType,object)
UnityEngine.Debug:LogError (object)
UnityEditor.EditorAssemblies:ProcessInitializeOnLoadMethodAttributes ()

Mono: successfully reloaded assembly
[Package Manager] Failed to launch server process. Reason: Unity was launched with the -noUpm command-line argument
[Package Manager] Unable to send message (not connected to server process).
[Package Manager] Cannot connect to Unity Package Manager local server
- Finished resetting the current domain, in  4.482 seconds
Domain Reload Profiling: 8613ms
	BeginReloadAssembly (856ms)
		ExecutionOrderSort (0ms)
		DisableScriptedObjects (20ms)
		BackupInstance (0ms)
		ReleaseScriptingObjects (1ms)
		CreateAndSetChildDomain (249ms)
	RebuildCommonClasses (194ms)
	RebuildNativeTypeToScriptingClass (63ms)
	initialDomainReloadingComplete (128ms)
	LoadAllAssembliesAndSetupDomain (2888ms)
		LoadAssemblies (2279ms)
		RebuildTransferFunctionScriptingTraits (0ms)
		AnalyzeDomain (1028ms)
			TypeCache.Refresh (56ms)
				TypeCache.ScanAssembly (0ms)
			BuildScriptInfoCaches (766ms)
			ResolveRequiredComponents (168ms)
	FinalizeReload (4484ms)
		ReleaseScriptCaches (0ms)
		RebuildScriptCaches (0ms)
		SetupLoadedEditorAssemblies (3125ms)
			LogAssemblyErrors (0ms)
			InitializePlatformSupportModulesInManaged (6ms)
			SetLoadedEditorAssemblies (11ms)
			BeforeProcessingInitializeOnLoad (455ms)
			ProcessInitializeOnLoadAttributes (2191ms)
			ProcessInitializeOnLoadMethodAttributes (436ms)
			AfterProcessingInitializeOnLoad (26ms)
			EditorAssembliesLoaded (1ms)
		ExecutionOrderSort2 (0ms)
		AwakeInstancesAfterBackupRestoration (159ms)
Refreshing native plugins compatible for Editor in 10.91 ms, found 6 plugins.
Preloading 1 native plugins for Editor in 4.42 ms.
Unloading 31 Unused Serialized files (Serialized files now loaded: 0)
Unloading 6420 unused Assets / (6.0 MB). Loaded Objects now: 7258.
Memory consumption went from 201.8 MB to 195.8 MB.
Total: 35.535200 ms (FindLiveObjects: 3.000800 ms CreateObjectMapping: 1.823300 ms MarkObjects: 19.928700 ms  DeleteObjects: 10.775600 ms)

Prepare: number of updated asset objects reloaded= 0
========================================================================
Received Prepare
Begin MonoManager ReloadAssembly
Symbol file LoadedFromMemory doesn't match image C:\Users\hangu\OneDrive\문서\GitHub\VR_Cooking2\VRProject_1\Library\PackageCache\com.unity.visualscripting@1.8.0\Editor\VisualScripting.Core\Dependencies\YamlDotNet\Unity.VisualScripting.YamlDotNet.dll
Symbol file LoadedFromMemory doesn't match image C:\Users\hangu\OneDrive\문서\GitHub\VR_Cooking2\VRProject_1\Library\PackageCache\com.unity.visualscripting@1.8.0\Editor\VisualScripting.Core\Dependencies\DotNetZip\Unity.VisualScripting.IonicZip.dll
- Loaded All Assemblies, in  3.130 seconds
Refreshing native plugins compatible for Editor in 16.04 ms, found 6 plugins.
Native extension for WindowsStandalone target not found
[MODES] ModeService[none].Initialize
[MODES] ModeService[none].LoadModes
[MODES] Loading mode Default (0) for mode-current-id-VRProject_1
[Package Manager] Failed to launch server process. Reason: Unity was launched with the -noUpm command-line argument
[Package Manager] Unable to send message (not connected to server process).
[Package Manager] Cannot connect to Unity Package Manager local server
System.Reflection.TargetInvocationException: Exception has been thrown by the target of an invocation. ---> System.NullReferenceException: Object reference not set to an instance of an object
  at Unity.XR.Oculus.OculusLoader.AssetPathToAbsolutePath (System.String assetPath) [0x0003d] in .\Library\PackageCache\com.unity.xr.oculus@4.2.0\Runtime\OculusLoader.cs:298 
  at Unity.XR.Oculus.OculusLoader.EditorLoadOVRPlugin () [0x0008c] in .\Library\PackageCache\com.unity.xr.oculus@4.2.0\Runtime\OculusLoader.cs:283 
  at (wrapper managed-to-native) System.Reflection.RuntimeMethodInfo.InternalInvoke(System.Reflection.RuntimeMethodInfo,object,object[],System.Exception&)
  at System.Reflection.RuntimeMethodInfo.Invoke (System.Object obj, System.Reflection.BindingFlags invokeAttr, System.Reflection.Binder binder, System.Object[] parameters, System.Globalization.CultureInfo culture) [0x0006a] in <ecf276dcb8654fa5bed2c5ea1a4ad870>:0 
   --- End of inner exception stack trace ---
  at System.Reflection.RuntimeMethodInfo.Invoke (System.Object obj, System.Reflection.BindingFlags invokeAttr, System.Reflection.Binder binder, System.Object[] parameters, System.Globalization.CultureInfo culture) [0x00083] in <ecf276dcb8654fa5bed2c5ea1a4ad870>:0 
  at System.Reflection.MethodBase.Invoke (System.Object obj, System.Object[] parameters) [0x00000] in <ecf276dcb8654fa5bed2c5ea1a4ad870>:0 
  at UnityEditor.EditorAssemblies.ProcessInitializeOnLoadMethodAttributes () [0x00056] in <8f5ff83e453e49179847370b820a0398>:0 
UnityEngine.Debug:ExtractStackTraceNoAlloc (byte*,int,string)
UnityEngine.StackTraceUtility:ExtractStackTrace ()
UnityEngine.DebugLogHandler:Internal_Log (UnityEngine.LogType,UnityEngine.LogOption,string,UnityEngine.Object)
UnityEngine.DebugLogHandler:LogFormat (UnityEngine.LogType,UnityEngine.Object,string,object[])
UnityEngine.Logger:Log (UnityEngine.LogType,object)
UnityEngine.Debug:LogError (object)
UnityEditor.EditorAssemblies:ProcessInitializeOnLoadMethodAttributes ()

Error saving file Library/StateCache/LayerSettings/9e/9ecc5c3c162a7aba29bafa64c8b94b7c.json. Error: System.IO.IOException: Sharing violation on path C:\Users\hangu\OneDrive\문서\GitHub\VR_Cooking2\VRProject_1\Library\StateCache\LayerSettings\9e\9ecc5c3c162a7aba29bafa64c8b94b7c.json
  at System.IO.FileStream..ctor (System.String path, System.IO.FileMode mode, System.IO.FileAccess access, System.IO.FileShare share, System.Int32 bufferSize, System.Boolean anonymous, System.IO.FileOptions options) [0x0019e] in <ecf276dcb8654fa5bed2c5ea1a4ad870>:0 
  at System.IO.FileStream..ctor (System.String path, System.IO.FileMode mode, System.IO.FileAccess access, System.IO.FileShare share, System.Int32 bufferSize, System.IO.FileOptions options) [0x00000] in <ecf276dcb8654fa5bed2c5ea1a4ad870>:0 
  at (wrapper remoting-invoke-with-check) System.IO.FileStream..ctor(string,System.IO.FileMode,System.IO.FileAccess,System.IO.FileShare,int,System.IO.FileOptions)
  at System.IO.StreamWriter..ctor (System.String path, System.Boolean append, System.Text.Encoding encoding, System.Int32 bufferSize) [0x00055] in <ecf276dcb8654fa5bed2c5ea1a4ad870>:0 
  at System.IO.StreamWriter..ctor (System.String path, System.Boolean append, System.Text.Encoding encoding) [0x00000] in <ecf276dcb8654fa5bed2c5ea1a4ad870>:0 
  at (wrapper remoting-invoke-with-check) System.IO.StreamWriter..ctor(string,bool,System.Text.Encoding)
  at System.IO.File.WriteAllText (System.String path, System.String contents, System.Text.Encoding encoding) [0x00034] in <ecf276dcb8654fa5bed2c5ea1a4ad870>:0 
  at UnityEditor.StateCache`1[T].SetState (UnityEngine.Hash128 key, T obj) [0x0004b] in <8f5ff83e453e49179847370b820a0398>:0 
UnityEngine.Debug:ExtractStackTraceNoAlloc (byte*,int,string)
UnityEngine.StackTraceUtility:ExtractStackTrace ()
UnityEngine.DebugLogHandler:Internal_Log (UnityEngine.LogType,UnityEngine.LogOption,string,UnityEngine.Object)
UnityEngine.DebugLogHandler:LogFormat (UnityEngine.LogType,UnityEngine.Object,string,object[])
UnityEngine.Logger:Log (UnityEngine.LogType,object)
UnityEngine.Debug:LogError (object)
UnityEditor.StateCache`1<UnityEditor.Tools/LayerSettings>:SetState (UnityEngine.Hash128,UnityEditor.Tools/LayerSettings)
UnityEditor.Tools:set_lockedLayers (int)
UnityEditor.Tools:OnEnable ()

Error saving file Library/StateCache/LayerSettings/9e/9ecc5c3c162a7aba29bafa64c8b94b7c.json. Error: System.IO.IOException: Sharing violation on path C:\Users\hangu\OneDrive\문서\GitHub\VR_Cooking2\VRProject_1\Library\StateCache\LayerSettings\9e\9ecc5c3c162a7aba29bafa64c8b94b7c.json
  at System.IO.FileStream..ctor (System.String path, System.IO.FileMode mode, System.IO.FileAccess access, System.IO.FileShare share, System.Int32 bufferSize, System.Boolean anonymous, System.IO.FileOptions options) [0x0019e] in <ecf276dcb8654fa5bed2c5ea1a4ad870>:0 
  at System.IO.FileStream..ctor (System.String path, System.IO.FileMode mode, System.IO.FileAccess access, System.IO.FileShare share, System.Int32 bufferSize, System.IO.FileOptions options) [0x00000] in <ecf276dcb8654fa5bed2c5ea1a4ad870>:0 
  at (wrapper remoting-invoke-with-check) System.IO.FileStream..ctor(string,System.IO.FileMode,System.IO.FileAccess,System.IO.FileShare,int,System.IO.FileOptions)
  at System.IO.StreamWriter..ctor (System.String path, System.Boolean append, System.Text.Encoding encoding, System.Int32 bufferSize) [0x00055] in <ecf276dcb8654fa5bed2c5ea1a4ad870>:0 
  at System.IO.StreamWriter..ctor (System.String path, System.Boolean append, System.Text.Encoding encoding) [0x00000] in <ecf276dcb8654fa5bed2c5ea1a4ad870>:0 
  at (wrapper remoting-invoke-with-check) System.IO.StreamWriter..ctor(string,bool,System.Text.Encoding)
  at System.IO.File.WriteAllText (System.String path, System.String contents, System.Text.Encoding encoding) [0x00034] in <ecf276dcb8654fa5bed2c5ea1a4ad870>:0 
  at UnityEditor.StateCache`1[T].SetState (UnityEngine.Hash128 key, T obj) [0x0004b] in <8f5ff83e453e49179847370b820a0398>:0 
UnityEngine.Debug:ExtractStackTraceNoAlloc (byte*,int,string)
UnityEngine.StackTraceUtility:ExtractStackTrace ()
UnityEngine.DebugLogHandler:Internal_Log (UnityEngine.LogType,UnityEngine.LogOption,string,UnityEngine.Object)
UnityEngine.DebugLogHandler:LogFormat (UnityEngine.LogType,UnityEngine.Object,string,object[])
UnityEngine.Logger:Log (UnityEngine.LogType,object)
UnityEngine.Debug:LogError (object)
UnityEditor.StateCache`1<UnityEditor.Tools/LayerSettings>:SetState (UnityEngine.Hash128,UnityEditor.Tools/LayerSettings)
UnityEditor.Tools:set_lockedLayers (int)
UnityEditor.Tools:OnEnable ()

Error saving file Library/StateCache/LayerSettings/9e/9ecc5c3c162a7aba29bafa64c8b94b7c.json. Error: System.IO.IOException: Sharing violation on path C:\Users\hangu\OneDrive\문서\GitHub\VR_Cooking2\VRProject_1\Library\StateCache\LayerSettings\9e\9ecc5c3c162a7aba29bafa64c8b94b7c.json
  at System.IO.FileStream..ctor (System.String path, System.IO.FileMode mode, System.IO.FileAccess access, System.IO.FileShare share, System.Int32 bufferSize, System.Boolean anonymous, System.IO.FileOptions options) [0x0019e] in <ecf276dcb8654fa5bed2c5ea1a4ad870>:0 
  at System.IO.FileStream..ctor (System.String path, System.IO.FileMode mode, System.IO.FileAccess access, System.IO.FileShare share, System.Int32 bufferSize, System.IO.FileOptions options) [0x00000] in <ecf276dcb8654fa5bed2c5ea1a4ad870>:0 
  at (wrapper remoting-invoke-with-check) System.IO.FileStream..ctor(string,System.IO.FileMode,System.IO.FileAccess,System.IO.FileShare,int,System.IO.FileOptions)
  at System.IO.StreamWriter..ctor (System.String path, System.Boolean append, System.Text.Encoding encoding, System.Int32 bufferSize) [0x00055] in <ecf276dcb8654fa5bed2c5ea1a4ad870>:0 
  at System.IO.StreamWriter..ctor (System.String path, System.Boolean append, System.Text.Encoding encoding) [0x00000] in <ecf276dcb8654fa5bed2c5ea1a4ad870>:0 
  at (wrapper remoting-invoke-with-check) System.IO.StreamWriter..ctor(string,bool,System.Text.Encoding)
  at System.IO.File.WriteAllText (System.String path, System.String contents, System.Text.Encoding encoding) [0x00034] in <ecf276dcb8654fa5bed2c5ea1a4ad870>:0 
  at UnityEditor.StateCache`1[T].SetState (UnityEngine.Hash128 key, T obj) [0x0004b] in <8f5ff83e453e49179847370b820a0398>:0 
UnityEngine.Debug:ExtractStackTraceNoAlloc (byte*,int,string)
UnityEngine.StackTraceUtility:ExtractStackTrace ()
UnityEngine.DebugLogHandler:Internal_Log (UnityEngine.LogType,UnityEngine.LogOption,string,UnityEngine.Object)
UnityEngine.DebugLogHandler:LogFormat (UnityEngine.LogType,UnityEngine.Object,string,object[])
UnityEngine.Logger:Log (UnityEngine.LogType,object)
UnityEngine.Debug:LogError (object)
UnityEditor.StateCache`1<UnityEditor.Tools/LayerSettings>:SetState (UnityEngine.Hash128,UnityEditor.Tools/LayerSettings)
UnityEditor.Tools:set_lockedLayers (int)
UnityEditor.Tools:OnEnable ()

Mono: successfully reloaded assembly
[Package Manager] Failed to launch server process. Reason: Unity was launched with the -noUpm command-line argument
[Package Manager] Unable to send message (not connected to server process).
[Package Manager] Cannot connect to Unity Package Manager local server
- Finished resetting the current domain, in  5.113 seconds
Domain Reload Profiling: 8241ms
	BeginReloadAssembly (596ms)
		ExecutionOrderSort (0ms)
		DisableScriptedObjects (21ms)
		BackupInstance (0ms)
		ReleaseScriptingObjects (2ms)
		CreateAndSetChildDomain (139ms)
	RebuildCommonClasses (164ms)
	RebuildNativeTypeToScriptingClass (59ms)
	initialDomainReloadingComplete (106ms)
	LoadAllAssembliesAndSetupDomain (2203ms)
		LoadAssemblies (1922ms)
		RebuildTransferFunctionScriptingTraits (0ms)
		AnalyzeDomain (615ms)
			TypeCache.Refresh (17ms)
				TypeCache.ScanAssembly (0ms)
			BuildScriptInfoCaches (538ms)
			ResolveRequiredComponents (50ms)
	FinalizeReload (5114ms)
		ReleaseScriptCaches (0ms)
		RebuildScriptCaches (0ms)
		SetupLoadedEditorAssemblies (3744ms)
			LogAssemblyErrors (0ms)
			InitializePlatformSupportModulesInManaged (16ms)
			SetLoadedEditorAssemblies (27ms)
			BeforeProcessingInitializeOnLoad (512ms)
			ProcessInitializeOnLoadAttributes (2673ms)
			ProcessInitializeOnLoadMethodAttributes (483ms)
			AfterProcessingInitializeOnLoad (32ms)
			EditorAssembliesLoaded (1ms)
		ExecutionOrderSort2 (0ms)
		AwakeInstancesAfterBackupRestoration (171ms)
Refreshing native plugins compatible for Editor in 18.70 ms, found 6 plugins.
Preloading 1 native plugins for Editor in 0.43 ms.
Unloading 31 Unused Serialized files (Serialized files now loaded: 0)
Unloading 6420 unused Assets / (7.0 MB). Loaded Objects now: 7260.
Memory consumption went from 203.8 MB to 196.7 MB.
Total: 38.827600 ms (FindLiveObjects: 1.531200 ms CreateObjectMapping: 2.635600 ms MarkObjects: 18.570300 ms  DeleteObjects: 16.086400 ms)

Prepare: number of updated asset objects reloaded= 0
========================================================================
Received Prepare
Begin MonoManager ReloadAssembly
Symbol file LoadedFromMemory doesn't match image C:\Users\hangu\OneDrive\문서\GitHub\VR_Cooking2\VRProject_1\Library\PackageCache\com.unity.visualscripting@1.8.0\Editor\VisualScripting.Core\Dependencies\YamlDotNet\Unity.VisualScripting.YamlDotNet.dll
Symbol file LoadedFromMemory doesn't match image C:\Users\hangu\OneDrive\문서\GitHub\VR_Cooking2\VRProject_1\Library\PackageCache\com.unity.visualscripting@1.8.0\Editor\VisualScripting.Core\Dependencies\DotNetZip\Unity.VisualScripting.IonicZip.dll
- Loaded All Assemblies, in  8.906 seconds
Refreshing native plugins compatible for Editor in 17.80 ms, found 6 plugins.
Native extension for WindowsStandalone target not found
[MODES] ModeService[none].Initialize
[MODES] ModeService[none].LoadModes
[MODES] Loading mode Default (0) for mode-current-id-VRProject_1
[Package Manager] Failed to launch server process. Reason: Unity was launched with the -noUpm command-line argument
[Package Manager] Unable to send message (not connected to server process).
[Package Manager] Cannot connect to Unity Package Manager local server
System.Reflection.TargetInvocationException: Exception has been thrown by the target of an invocation. ---> System.NullReferenceException: Object reference not set to an instance of an object
  at Unity.XR.Oculus.OculusLoader.AssetPathToAbsolutePath (System.String assetPath) [0x0003d] in .\Library\PackageCache\com.unity.xr.oculus@4.2.0\Runtime\OculusLoader.cs:298 
  at Unity.XR.Oculus.OculusLoader.EditorLoadOVRPlugin () [0x0008c] in .\Library\PackageCache\com.unity.xr.oculus@4.2.0\Runtime\OculusLoader.cs:283 
  at (wrapper managed-to-native) System.Reflection.RuntimeMethodInfo.InternalInvoke(System.Reflection.RuntimeMethodInfo,object,object[],System.Exception&)
  at System.Reflection.RuntimeMethodInfo.Invoke (System.Object obj, System.Reflection.BindingFlags invokeAttr, System.Reflection.Binder binder, System.Object[] parameters, System.Globalization.CultureInfo culture) [0x0006a] in <ecf276dcb8654fa5bed2c5ea1a4ad870>:0 
   --- End of inner exception stack trace ---
  at System.Reflection.RuntimeMethodInfo.Invoke (System.Object obj, System.Reflection.BindingFlags invokeAttr, System.Reflection.Binder binder, System.Object[] parameters, System.Globalization.CultureInfo culture) [0x00083] in <ecf276dcb8654fa5bed2c5ea1a4ad870>:0 
  at System.Reflection.MethodBase.Invoke (System.Object obj, System.Object[] parameters) [0x00000] in <ecf276dcb8654fa5bed2c5ea1a4ad870>:0 
  at UnityEditor.EditorAssemblies.ProcessInitializeOnLoadMethodAttributes () [0x00056] in <8f5ff83e453e49179847370b820a0398>:0 
UnityEngine.Debug:ExtractStackTraceNoAlloc (byte*,int,string)
UnityEngine.StackTraceUtility:ExtractStackTrace ()
UnityEngine.DebugLogHandler:Internal_Log (UnityEngine.LogType,UnityEngine.LogOption,string,UnityEngine.Object)
UnityEngine.DebugLogHandler:LogFormat (UnityEngine.LogType,UnityEngine.Object,string,object[])
UnityEngine.Logger:Log (UnityEngine.LogType,object)
UnityEngine.Debug:LogError (object)
UnityEditor.EditorAssemblies:ProcessInitializeOnLoadMethodAttributes ()

Mono: successfully reloaded assembly
[Package Manager] Failed to launch server process. Reason: Unity was launched with the -noUpm command-line argument
[Package Manager] Unable to send message (not connected to server process).
[Package Manager] Cannot connect to Unity Package Manager local server
- Finished resetting the current domain, in  5.725 seconds
Domain Reload Profiling: 14639ms
	BeginReloadAssembly (3188ms)
		ExecutionOrderSort (0ms)
		DisableScriptedObjects (185ms)
		BackupInstance (0ms)
		ReleaseScriptingObjects (3ms)
		CreateAndSetChildDomain (1343ms)
	RebuildCommonClasses (205ms)
	RebuildNativeTypeToScriptingClass (77ms)
	initialDomainReloadingComplete (176ms)
	LoadAllAssembliesAndSetupDomain (5267ms)
		LoadAssemblies (4827ms)
		RebuildTransferFunctionScriptingTraits (0ms)
		AnalyzeDomain (1556ms)
			TypeCache.Refresh (103ms)
				TypeCache.ScanAssembly (0ms)
			BuildScriptInfoCaches (1324ms)
			ResolveRequiredComponents (88ms)
	FinalizeReload (5727ms)
		ReleaseScriptCaches (0ms)
		RebuildScriptCaches (0ms)
		SetupLoadedEditorAssemblies (4044ms)
			LogAssemblyErrors (0ms)
			InitializePlatformSupportModulesInManaged (14ms)
			SetLoadedEditorAssemblies (27ms)
			BeforeProcessingInitializeOnLoad (416ms)
			ProcessInitializeOnLoadAttributes (2940ms)
			ProcessInitializeOnLoadMethodAttributes (617ms)
			AfterProcessingInitializeOnLoad (28ms)
			EditorAssembliesLoaded (2ms)
		ExecutionOrderSort2 (0ms)
		AwakeInstancesAfterBackupRestoration (220ms)
Refreshing native plugins compatible for Editor in 11.51 ms, found 6 plugins.
Preloading 1 native plugins for Editor in 1.23 ms.
Unloading 31 Unused Serialized files (Serialized files now loaded: 0)
Unloading 6420 unused Assets / (8.8 MB). Loaded Objects now: 7262.
Memory consumption went from 205.7 MB to 196.9 MB.
Total: 60.765400 ms (FindLiveObjects: 1.531500 ms CreateObjectMapping: 2.613200 ms MarkObjects: 28.991500 ms  DeleteObjects: 27.622000 ms)

Prepare: number of updated asset objects reloaded= 0
========================================================================
Received Prepare
Begin MonoManager ReloadAssembly
Symbol file LoadedFromMemory doesn't match image C:\Users\hangu\OneDrive\문서\GitHub\VR_Cooking2\VRProject_1\Library\PackageCache\com.unity.visualscripting@1.8.0\Editor\VisualScripting.Core\Dependencies\YamlDotNet\Unity.VisualScripting.YamlDotNet.dll
Symbol file LoadedFromMemory doesn't match image C:\Users\hangu\OneDrive\문서\GitHub\VR_Cooking2\VRProject_1\Library\PackageCache\com.unity.visualscripting@1.8.0\Editor\VisualScripting.Core\Dependencies\DotNetZip\Unity.VisualScripting.IonicZip.dll
- Loaded All Assemblies, in  2.962 seconds
Refreshing native plugins compatible for Editor in 11.75 ms, found 6 plugins.
Native extension for WindowsStandalone target not found
[MODES] ModeService[none].Initialize
[MODES] ModeService[none].LoadModes
[MODES] Loading mode Default (0) for mode-current-id-VRProject_1
[Package Manager] Failed to launch server process. Reason: Unity was launched with the -noUpm command-line argument
[Package Manager] Unable to send message (not connected to server process).
[Package Manager] Cannot connect to Unity Package Manager local server
System.Reflection.TargetInvocationException: Exception has been thrown by the target of an invocation. ---> System.NullReferenceException: Object reference not set to an instance of an object
  at Unity.XR.Oculus.OculusLoader.AssetPathToAbsolutePath (System.String assetPath) [0x0003d] in .\Library\PackageCache\com.unity.xr.oculus@4.2.0\Runtime\OculusLoader.cs:298 
  at Unity.XR.Oculus.OculusLoader.EditorLoadOVRPlugin () [0x0008c] in .\Library\PackageCache\com.unity.xr.oculus@4.2.0\Runtime\OculusLoader.cs:283 
  at (wrapper managed-to-native) System.Reflection.RuntimeMethodInfo.InternalInvoke(System.Reflection.RuntimeMethodInfo,object,object[],System.Exception&)
  at System.Reflection.RuntimeMethodInfo.Invoke (System.Object obj, System.Reflection.BindingFlags invokeAttr, System.Reflection.Binder binder, System.Object[] parameters, System.Globalization.CultureInfo culture) [0x0006a] in <ecf276dcb8654fa5bed2c5ea1a4ad870>:0 
   --- End of inner exception stack trace ---
  at System.Reflection.RuntimeMethodInfo.Invoke (System.Object obj, System.Reflection.BindingFlags invokeAttr, System.Reflection.Binder binder, System.Object[] parameters, System.Globalization.CultureInfo culture) [0x00083] in <ecf276dcb8654fa5bed2c5ea1a4ad870>:0 
  at System.Reflection.MethodBase.Invoke (System.Object obj, System.Object[] parameters) [0x00000] in <ecf276dcb8654fa5bed2c5ea1a4ad870>:0 
  at UnityEditor.EditorAssemblies.ProcessInitializeOnLoadMethodAttributes () [0x00056] in <8f5ff83e453e49179847370b820a0398>:0 
UnityEngine.Debug:ExtractStackTraceNoAlloc (byte*,int,string)
UnityEngine.StackTraceUtility:ExtractStackTrace ()
UnityEngine.DebugLogHandler:Internal_Log (UnityEngine.LogType,UnityEngine.LogOption,string,UnityEngine.Object)
UnityEngine.DebugLogHandler:LogFormat (UnityEngine.LogType,UnityEngine.Object,string,object[])
UnityEngine.Logger:Log (UnityEngine.LogType,object)
UnityEngine.Debug:LogError (object)
UnityEditor.EditorAssemblies:ProcessInitializeOnLoadMethodAttributes ()

Error saving file Library/StateCache/LayerSettings/9e/9ecc5c3c162a7aba29bafa64c8b94b7c.json. Error: System.IO.IOException: Sharing violation on path C:\Users\hangu\OneDrive\문서\GitHub\VR_Cooking2\VRProject_1\Library\StateCache\LayerSettings\9e\9ecc5c3c162a7aba29bafa64c8b94b7c.json
  at System.IO.FileStream..ctor (System.String path, System.IO.FileMode mode, System.IO.FileAccess access, System.IO.FileShare share, System.Int32 bufferSize, System.Boolean anonymous, System.IO.FileOptions options) [0x0019e] in <ecf276dcb8654fa5bed2c5ea1a4ad870>:0 
  at System.IO.FileStream..ctor (System.String path, System.IO.FileMode mode, System.IO.FileAccess access, System.IO.FileShare share, System.Int32 bufferSize, System.IO.FileOptions options) [0x00000] in <ecf276dcb8654fa5bed2c5ea1a4ad870>:0 
  at (wrapper remoting-invoke-with-check) System.IO.FileStream..ctor(string,System.IO.FileMode,System.IO.FileAccess,System.IO.FileShare,int,System.IO.FileOptions)
  at System.IO.StreamWriter..ctor (System.String path, System.Boolean append, System.Text.Encoding encoding, System.Int32 bufferSize) [0x00055] in <ecf276dcb8654fa5bed2c5ea1a4ad870>:0 
  at System.IO.StreamWriter..ctor (System.String path, System.Boolean append, System.Text.Encoding encoding) [0x00000] in <ecf276dcb8654fa5bed2c5ea1a4ad870>:0 
  at (wrapper remoting-invoke-with-check) System.IO.StreamWriter..ctor(string,bool,System.Text.Encoding)
  at System.IO.File.WriteAllText (System.String path, System.String contents, System.Text.Encoding encoding) [0x00034] in <ecf276dcb8654fa5bed2c5ea1a4ad870>:0 
  at UnityEditor.StateCache`1[T].SetState (UnityEngine.Hash128 key, T obj) [0x0004b] in <8f5ff83e453e49179847370b820a0398>:0 
UnityEngine.Debug:ExtractStackTraceNoAlloc (byte*,int,string)
UnityEngine.StackTraceUtility:ExtractStackTrace ()
UnityEngine.DebugLogHandler:Internal_Log (UnityEngine.LogType,UnityEngine.LogOption,string,UnityEngine.Object)
UnityEngine.DebugLogHandler:LogFormat (UnityEngine.LogType,UnityEngine.Object,string,object[])
UnityEngine.Logger:Log (UnityEngine.LogType,object)
UnityEngine.Debug:LogError (object)
UnityEditor.StateCache`1<UnityEditor.Tools/LayerSettings>:SetState (UnityEngine.Hash128,UnityEditor.Tools/LayerSettings)
UnityEditor.Tools:set_lockedLayers (int)
UnityEditor.Tools:OnEnable ()

Mono: successfully reloaded assembly
[Package Manager] Failed to launch server process. Reason: Unity was launched with the -noUpm command-line argument
[Package Manager] Unable to send message (not connected to server process).
[Package Manager] Cannot connect to Unity Package Manager local server
- Finished resetting the current domain, in  3.833 seconds
Domain Reload Profiling: 6791ms
	BeginReloadAssembly (730ms)
		ExecutionOrderSort (0ms)
		DisableScriptedObjects (26ms)
		BackupInstance (0ms)
		ReleaseScriptingObjects (0ms)
		CreateAndSetChildDomain (180ms)
	RebuildCommonClasses (175ms)
	RebuildNativeTypeToScriptingClass (57ms)
	initialDomainReloadingComplete (126ms)
	LoadAllAssembliesAndSetupDomain (1869ms)
		LoadAssemblies (1302ms)
		RebuildTransferFunctionScriptingTraits (0ms)
		AnalyzeDomain (941ms)
			TypeCache.Refresh (25ms)
				TypeCache.ScanAssembly (0ms)
			BuildScriptInfoCaches (825ms)
			ResolveRequiredComponents (75ms)
	FinalizeReload (3833ms)
		ReleaseScriptCaches (0ms)
		RebuildScriptCaches (0ms)
		SetupLoadedEditorAssemblies (2636ms)
			LogAssemblyErrors (0ms)
			InitializePlatformSupportModulesInManaged (28ms)
			SetLoadedEditorAssemblies (37ms)
			BeforeProcessingInitializeOnLoad (587ms)
			ProcessInitializeOnLoadAttributes (1666ms)
			ProcessInitializeOnLoadMethodAttributes (275ms)
			AfterProcessingInitializeOnLoad (43ms)
			EditorAssembliesLoaded (1ms)
		ExecutionOrderSort2 (0ms)
		AwakeInstancesAfterBackupRestoration (102ms)
Refreshing native plugins compatible for Editor in 18.19 ms, found 6 plugins.
Preloading 1 native plugins for Editor in 0.62 ms.
Unloading 31 Unused Serialized files (Serialized files now loaded: 0)
Unloading 6420 unused Assets / (6.4 MB). Loaded Objects now: 7264.
Memory consumption went from 207.6 MB to 201.2 MB.
Total: 50.346700 ms (FindLiveObjects: 2.709000 ms CreateObjectMapping: 3.070600 ms MarkObjects: 26.085700 ms  DeleteObjects: 18.476100 ms)

Prepare: number of updated asset objects reloaded= 0
========================================================================
Received Prepare
Refreshing native plugins compatible for Editor in 6.00 ms, found 6 plugins.
Preloading 1 native plugins for Editor in 4.45 ms.
Unloading 31 Unused Serialized files (Serialized files now loaded: 0)
Unloading 6412 unused Assets / (7.2 MB). Loaded Objects now: 7255.
Memory consumption went from 208.2 MB to 201.0 MB.
Total: 523.297100 ms (FindLiveObjects: 8.074300 ms CreateObjectMapping: 0.741500 ms MarkObjects: 504.816000 ms  DeleteObjects: 9.484700 ms)

Prepare: number of updated asset objects reloaded= 0
========================================================================
Received Prepare
Begin MonoManager ReloadAssembly
Symbol file LoadedFromMemory doesn't match image C:\Users\hangu\OneDrive\문서\GitHub\VR_Cooking2\VRProject_1\Library\PackageCache\com.unity.visualscripting@1.8.0\Editor\VisualScripting.Core\Dependencies\YamlDotNet\Unity.VisualScripting.YamlDotNet.dll
Symbol file LoadedFromMemory doesn't match image C:\Users\hangu\OneDrive\문서\GitHub\VR_Cooking2\VRProject_1\Library\PackageCache\com.unity.visualscripting@1.8.0\Editor\VisualScripting.Core\Dependencies\DotNetZip\Unity.VisualScripting.IonicZip.dll
- Loaded All Assemblies, in  9.250 seconds
Refreshing native plugins compatible for Editor in 31.07 ms, found 6 plugins.
Native extension for WindowsStandalone target not found
[MODES] ModeService[none].Initialize
[MODES] ModeService[none].LoadModes
[MODES] Loading mode Default (0) for mode-current-id-VRProject_1
[Package Manager] Failed to launch server process. Reason: Unity was launched with the -noUpm command-line argument
[Package Manager] Unable to send message (not connected to server process).
[Package Manager] Cannot connect to Unity Package Manager local server
System.Reflection.TargetInvocationException: Exception has been thrown by the target of an invocation. ---> System.NullReferenceException: Object reference not set to an instance of an object
  at Unity.XR.Oculus.OculusLoader.AssetPathToAbsolutePath (System.String assetPath) [0x0003d] in .\Library\PackageCache\com.unity.xr.oculus@4.2.0\Runtime\OculusLoader.cs:298 
  at Unity.XR.Oculus.OculusLoader.EditorLoadOVRPlugin () [0x0008c] in .\Library\PackageCache\com.unity.xr.oculus@4.2.0\Runtime\OculusLoader.cs:283 
  at (wrapper managed-to-native) System.Reflection.RuntimeMethodInfo.InternalInvoke(System.Reflection.RuntimeMethodInfo,object,object[],System.Exception&)
  at System.Reflection.RuntimeMethodInfo.Invoke (System.Object obj, System.Reflection.BindingFlags invokeAttr, System.Reflection.Binder binder, System.Object[] parameters, System.Globalization.CultureInfo culture) [0x0006a] in <ecf276dcb8654fa5bed2c5ea1a4ad870>:0 
   --- End of inner exception stack trace ---
  at System.Reflection.RuntimeMethodInfo.Invoke (System.Object obj, System.Reflection.BindingFlags invokeAttr, System.Reflection.Binder binder, System.Object[] parameters, System.Globalization.CultureInfo culture) [0x00083] in <ecf276dcb8654fa5bed2c5ea1a4ad870>:0 
  at System.Reflection.MethodBase.Invoke (System.Object obj, System.Object[] parameters) [0x00000] in <ecf276dcb8654fa5bed2c5ea1a4ad870>:0 
  at UnityEditor.EditorAssemblies.ProcessInitializeOnLoadMethodAttributes () [0x00056] in <8f5ff83e453e49179847370b820a0398>:0 
UnityEngine.Debug:ExtractStackTraceNoAlloc (byte*,int,string)
UnityEngine.StackTraceUtility:ExtractStackTrace ()
UnityEngine.DebugLogHandler:Internal_Log (UnityEngine.LogType,UnityEngine.LogOption,string,UnityEngine.Object)
UnityEngine.DebugLogHandler:LogFormat (UnityEngine.LogType,UnityEngine.Object,string,object[])
UnityEngine.Logger:Log (UnityEngine.LogType,object)
UnityEngine.Debug:LogError (object)
UnityEditor.EditorAssemblies:ProcessInitializeOnLoadMethodAttributes ()

Mono: successfully reloaded assembly
[Package Manager] Failed to launch server process. Reason: Unity was launched with the -noUpm command-line argument
[Package Manager] Unable to send message (not connected to server process).
[Package Manager] Cannot connect to Unity Package Manager local server
- Finished resetting the current domain, in  8.413 seconds
Domain Reload Profiling: 17667ms
	BeginReloadAssembly (2133ms)
		ExecutionOrderSort (0ms)
		DisableScriptedObjects (79ms)
		BackupInstance (0ms)
		ReleaseScriptingObjects (3ms)
		CreateAndSetChildDomain (902ms)
	RebuildCommonClasses (208ms)
	RebuildNativeTypeToScriptingClass (60ms)
	initialDomainReloadingComplete (164ms)
	LoadAllAssembliesAndSetupDomain (6687ms)
		LoadAssemblies (4889ms)
		RebuildTransferFunctionScriptingTraits (0ms)
		AnalyzeDomain (2532ms)
			TypeCache.Refresh (273ms)
				TypeCache.ScanAssembly (14ms)
			BuildScriptInfoCaches (2101ms)
			ResolveRequiredComponents (101ms)
	FinalizeReload (8416ms)
		ReleaseScriptCaches (0ms)
		RebuildScriptCaches (0ms)
		SetupLoadedEditorAssemblies (6042ms)
			LogAssemblyErrors (0ms)
			InitializePlatformSupportModulesInManaged (25ms)
			SetLoadedEditorAssemblies (35ms)
			BeforeProcessingInitializeOnLoad (1042ms)
			ProcessInitializeOnLoadAttributes (4109ms)
			ProcessInitializeOnLoadMethodAttributes (771ms)
			AfterProcessingInitializeOnLoad (57ms)
			EditorAssembliesLoaded (2ms)
		ExecutionOrderSort2 (0ms)
		AwakeInstancesAfterBackupRestoration (306ms)
Refreshing native plugins compatible for Editor in 24.41 ms, found 6 plugins.
Preloading 1 native plugins for Editor in 8.52 ms.
Unloading 31 Unused Serialized files (Serialized files now loaded: 0)
Unloading 6420 unused Assets / (6.9 MB). Loaded Objects now: 7266.
Memory consumption went from 209.6 MB to 202.7 MB.
Total: 68.499900 ms (FindLiveObjects: 3.493400 ms CreateObjectMapping: 2.036100 ms MarkObjects: 39.153300 ms  DeleteObjects: 23.524900 ms)

Prepare: number of updated asset objects reloaded= 0
========================================================================
Received Import Request.
  Time since last request: 4838.751298 seconds.
  path: Assets/Resources/Orders/EggMayo 1.asset
  artifactKey: Guid(3ae2c34968f8767428cbe1763663ce69) Importer(815301076,1909f56bfc062723c751e8b465ee728b)
Start importing Assets/Resources/Orders/EggMayo 1.asset using Guid(3ae2c34968f8767428cbe1763663ce69) Importer(815301076,1909f56bfc062723c751e8b465ee728b) (PreviewImporter) -> (artifact id: 'aae2dbb5d4028dc7c98cf53c1b58cd88') in 1.8124791 seconds
Number of updated asset objects reloaded before import = 0Number of asset objects unloaded after import = 1

========================================================================
Received Import Request.
  Time since last request: 0.062834 seconds.
  path: Assets/Resources/Orders/EggMayo 2.asset
  artifactKey: Guid(a7a843c7da8e0e34294bc56efa845d5e) Importer(815301076,1909f56bfc062723c751e8b465ee728b)
Start importing Assets/Resources/Orders/EggMayo 2.asset using Guid(a7a843c7da8e0e34294bc56efa845d5e) Importer(815301076,1909f56bfc062723c751e8b465ee728b) (PreviewImporter) -> (artifact id: '4aa946281512c655d4634322480932fa') in 0.0431655 seconds
Number of updated asset objects reloaded before import = 0Number of asset objects unloaded after import = 1

========================================================================
Received Import Request.
  Time since last request: 694.282063 seconds.
  path: Assets/Resources/Orders/CombinePizza.asset
  artifactKey: Guid(d086b3417c801404f8f0d8c2dc004878) Importer(815301076,1909f56bfc062723c751e8b465ee728b)
Start importing Assets/Resources/Orders/CombinePizza.asset using Guid(d086b3417c801404f8f0d8c2dc004878) Importer(815301076,1909f56bfc062723c751e8b465ee728b) (PreviewImporter) -> (artifact id: '88d53779abc6cf39e81ec2d60fdb80ea') in 0.1785765 seconds
Number of updated asset objects reloaded before import = 0Number of asset objects unloaded after import = 1

Editor requested this worker to shutdown with reason: Scaling down because of idle timeout
AssetImportWorker is now disconnected from the server
Process exiting
Exiting without the bug reporter. Application will terminate with return code 0